t_qd,qd_rad,t_q,q_rad,tau
0.0,[0.00765797],0.0,-0.038493547197124035,9.998999999999999
0.005,[0.03700714],0.005,-0.038493547197124035,10.098989999999999
0.01,[0.09197163],0.01,-0.038493547197124035,10.099989899999999
0.015,[0.16787848],0.015,-0.038493547197124035,10.099999898999998
0.02,[0.26050721],0.02,-0.038493547197124035,10.099999998989999
0.025,[0.36607275],0.025,-0.038493547197124035,10.0999999999899
0.03,[0.4812051],0.03,-0.038493547197124035,-9.8980000000001
0.035,[0.60292957],0.035,-0.038493547197124035,-10.09798
0.04,[0.72864609],0.04,-0.038493547197124035,-10.099979799999998
0.045,[0.85610492],0.045,-0.038493547197124035,-10.099999797999999
0.05,[0.98338116],0.05,-0.038493547197124035,-5.100499997979999
0.055,[1.10884908],0.055,-0.038493547197124035,-5.0505049999797995
0.06,[1.23115604],0.06,-0.038493547197124035,-5.050005049999798
0.065,[1.34919862],0.065,-0.038493547197124035,-5.050000050499998
0.07,[1.46209958],0.07,-0.038493547197124035,-5.050000000504999
0.075,[1.56918562],0.075,-0.038493547197124035,-5.050000000005049
0.08,[1.66996353],0.08,-0.038493547197124035,-5.05000000000005
0.085,[1.76409688],0.085,-0.038493547197124035,-5.05
0.09,[1.85138667],0.09,-0.038493547197124035,-5.05
0.095,[1.93175339],0.095,-0.038493547197124035,-5.05
0.1,[2.0052188],0.1,-0.03829814848038737,-5.05
0.105,[2.07189039],0.105,-0.038493547197124035,-5.05
0.11,[2.13194877],0.11,-0.038493547197124035,-5.05
0.115,[2.1856336],0.115,-0.038493547197124035,-5.05
0.12,[2.23322989],0.12,-0.038493547197124035,-5.05
0.125,[2.27505731],0.125,-0.038493547197124035,-5.05
0.13,[2.31145998],0.13,-0.038493547197124035,-5.05
0.135,[2.34279694],0.135,-0.038493547197124035,-3.212890925142982
0.14,[2.36943777],0.14,-0.038493547197124035,0.7813412687149321
0.145,[2.39175794],0.145,-0.03829814848038737,3.9639919366816843
0.15,[2.41013103],0.15,-0.03712575617996735,6.122737752206146
0.155,[2.42492339],0.155,-0.03302238312849727,7.983612569947844
0.16,[2.43649123],0.16,-0.028528212643553853,9.46918399860113
0.165,[2.44517736],0.165,-0.02247085242471708,10.09369183998601
0.17,[2.45130903],0.17,-0.018562878089983675,10.099936918399859
0.17500000000000002,[2.45519711],0.17500000000000002,-0.013677910171566917,10.099999369183998
0.18,[2.4571336],0.18,-0.00840214481967682,10.099999993691839
0.185,[2.4573906],0.185,-0.0042987717682067455,10.099999999936918
0.19,[2.45622028],0.19,0.0009769935836833512,10.099999999999367
0.195,[2.45385409],0.195,0.005275765351890096,10.099999999999993
0.2,[2.45050379],0.2,0.00840214481967682,10.099999999999998
0.20500000000000002,[2.44636171],0.20500000000000002,0.013091714021356905,5.100499999999999
0.21,[2.44160005],0.21,0.017781283223036994,5.050504999999999
0.215,[2.43637229],0.215,0.022275453707980408,5.050005049999999
0.22,[2.43081414],0.22,0.028528212643553853,5.0500000505
0.225,[2.42504412],0.225,0.0328269844117606,5.050000000504999
0.23,[2.41916586],0.23,0.03712575617996735,5.050000000005049
0.23500000000000001,[2.41326911],0.23500000000000001,0.04103373051470075,5.05000000000005
0.24,[2.40742998],0.24,0.046895692016800855,5.05
0.245,[2.40171074],0.245,0.054907039403004336,5.05
0.25,[2.39616142],0.25,0.05959660860468442,5.05
0.255,[2.39082334],0.255,0.06389538037289116,5.05
0.26,[2.38572913],0.26,0.0709297341754113,5.05
0.265,[2.38090201],0.265,0.07659629696077475,5.05
0.27,[2.37635918],0.27,0.08011347386203481,5.05
0.275,[2.37211278],0.275,0.08656163151434493,5.05
0.28,[2.36816855],0.28,0.09007880841560498,5.05
0.28500000000000003,[2.36452722],0.28500000000000003,0.0965269660679151,5.05
0.29,[2.36118557],0.29,0.10141193398633185,5.05
0.295,[2.35813699],0.295,0.10688309805495863,5.05
0.3,[2.35537218],0.3,0.11215886340684872,5.05
0.305,[2.35287906],0.305,0.12095180565999888,5.05
0.31,[2.35064363],0.31,0.1252505774282056,5.05
0.315,[2.34865196],0.315,0.12954934919641237,5.05
0.32,[2.34689019],0.32,0.1338481209646191,5.05
0.325,[2.34534347],0.325,0.13971008246671923,5.05
0.33,[2.34399576],0.33,0.14772142985292272,5.05
0.335,[2.34283091],0.335,0.15202020162112945,5.05
0.34,[2.34183403],0.34,0.1555373785223895,5.05
0.34500000000000003,[2.34099092],0.34500000000000003,0.16120394130775295,5.05
0.35000000000000003,[2.34028733],0.35000000000000003,0.16647970665964307,5.05
0.355,[2.33970909],0.355,0.17624964249647657,5.05
0.36,[2.33924256],0.36,0.18191620528184,5.05
0.365,[2.33887529],0.365,0.1871919706337301,5.05
0.37,[2.33859597],0.37,0.1938355270027769,5.05
0.375,[2.33839388],0.375,0.1993066910714036,5.05
0.38,[2.33825911],0.38,0.20516865257350375,5.05
0.385,[2.33818252],0.385,0.2110306140756039,5.05
0.39,[2.33815569],0.39,0.2155247845605473,5.05
0.395,[2.33817097],0.395,0.219823556328754,5.05
0.4,[2.33822138],0.4,0.22588091654759082,5.05
0.405,[2.33830056],0.405,0.23017968831579752,5.05
0.41000000000000003,[2.33840278],0.41000000000000003,0.2360416498178977,5.05
0.41500000000000004,[2.33852286],0.41500000000000004,0.24170821260326106,5.05
0.42,[2.33865617],0.42,0.24698397795515117,5.05
0.425,[2.33879861],0.425,0.2528459394572513,5.05
0.43,[2.33894652],0.43,0.25870790095935137,5.05
0.435,[2.33909669],0.435,0.26496065989492484,5.05
0.44,[2.33924634],0.44,0.2692594316631316,5.05
0.445,[2.33939304],0.445,0.2755121905987051,5.05
0.45,[2.33953471],0.45,0.28137415210080513,5.05
0.455,[2.33966957],0.455,0.2854775251522752,5.05
0.46,[2.33979631],0.46,0.2889947020535353,5.05
0.465,[2.33991399],0.465,0.2942704674054254,5.05
0.47000000000000003,[2.34002166],0.47000000000000003,0.3015002199246822,5.05
0.47500000000000003,[2.34011831],0.47500000000000003,0.3075575801435189,5.05
0.48,[2.34020332],0.48,0.3140057377958291,5.05
0.485,[2.34027649],0.485,0.3190861044309825,5.05
0.49,[2.3403378],0.49,0.3241664710661359,5.05
0.495,[2.34038742],0.495,0.32983303385149937,5.05
0.5,[2.34042571],0.5,0.3356949953535995,5.05
0.505,[2.34045317],0.505,0.3419477542891729,5.05
0.51,[2.34047045],0.51,0.346637323490853,5.05
0.515,[2.34047826],0.515,0.3560164618942132,5.05
0.52,[2.34047739],0.52,0.3628554169799967,5.05
0.525,[2.3404689],0.525,0.36871737848209674,5.05
0.53,[2.34045406],0.53,0.37457933998419685,5.05
0.535,[2.34043424],0.535,0.381613693786717,5.05
0.54,[2.34041089],0.54,0.38591246555492376,5.05
0.545,[2.3403854],0.545,0.39118823090681387,5.05
0.55,[2.34035919],0.55,0.39665939497544056,5.05
0.555,[2.34033374],0.555,0.40232595776080404,5.05
0.56,[2.34031059],0.56,0.4074063243959575,5.05
0.5650000000000001,[2.34029119],0.5650000000000001,0.41268208974784754,5.05
0.5700000000000001,[2.34027695],0.5700000000000001,0.41717626023279103,5.05
0.5750000000000001,[2.34026933],0.5750000000000001,0.42342901916836445,5.05
0.58,[2.34026962],0.58,0.4275323922198345,5.05
0.585,[2.34027886],0.585,0.4322219614215146,5.05
0.59,[2.340298],0.59,0.43691153062319465,5.05
0.595,[2.34032828],0.595,0.4425780934085581,5.05
0.6,[2.34037077],0.6,0.44668146646002815,5.05
0.605,[2.34042572],0.605,0.4515664343784449,5.05
0.61,[2.34049339],0.61,0.4566468010135984,5.05
0.615,[2.34057472],0.615,0.46094557278180515,5.05
0.62,[2.34067026],0.62,0.46543974326674853,5.05
0.625,[2.34078046],0.625,0.47130170476884864,5.05
0.63,[2.34090638],0.63,0.476968267554212,5.05
0.635,[2.34104883],0.635,0.4822440329061022,5.05
0.64,[2.341208],0.64,0.4879105956914656,5.05
0.645,[2.34138389],0.645,0.49396795591030235,5.05
0.65,[2.34157717],0.65,0.5029562968801892,5.05
0.655,[2.3417882],0.655,0.5062780750647126,5.05
0.66,[2.34201615],0.66,0.5150710173178628,5.05
0.665,[2.3422603],0.665,0.5191743903693328,5.05
0.67,[2.34251957],0.67,0.5265995416053263,5.05
0.675,[2.34279338],0.675,0.532656901824163,5.05
0.68,[2.34308095],0.68,0.5387142620429999,5.05
0.685,[2.34338118],0.685,0.5461394132789933,5.05
0.6900000000000001,[2.34369293],0.6900000000000001,0.5496565901802534,5.05
0.6950000000000001,[2.34401387],0.6950000000000001,0.5564955452660368,5.05
0.7000000000000001,[2.34434286],0.7000000000000001,0.5645068926522403,5.05
0.705,[2.34468053],0.705,0.5699780567208671,5.05
0.71,[2.34502653],0.71,0.5758400182229672,5.05
0.715,[2.3453795],0.715,0.5815065810083306,5.05
0.72,[2.34573828],0.72,0.5877593399439041,5.05
0.725,[2.34610195],0.725,0.5932305040125309,5.05
0.73,[2.34646986],0.73,0.5985062693644211,5.05
0.735,[2.34684188],0.735,0.6053452244502044,5.05
0.74,[2.34721809],0.74,0.6104255910853578,5.05
0.745,[2.34759919],0.745,0.6178507423213512,5.05
0.75,[2.34798717],0.75,0.623908102540188,5.05
0.755,[2.34838198],0.755,0.6276206781581847,5.05
0.76,[2.34878299],0.76,0.6354366268276517,5.05
0.765,[2.3491921],0.765,0.6401261960293317,5.05
0.77,[2.34960905],0.77,0.6440341703640652,5.05
0.775,[2.35003299],0.775,0.651850119033532,5.05
0.78,[2.35046479],0.78,0.6545857010678453,5.05
0.785,[2.35090387],0.785,0.6608384600034187,5.05
0.79,[2.35135018],0.79,0.6651372317716254,5.05
0.795,[2.35180438],0.795,0.6708037945569889,5.05
0.8,[2.35226868],0.8,0.6792059393766657,5.05
0.805,[2.35274524],0.805,0.6821369201277159,5.05
0.81,[2.35323261],0.81,0.6883896790632892,5.05
0.8150000000000001,[2.35373117],0.8150000000000001,0.6948378367155994,5.05
0.8200000000000001,[2.35424253],0.8200000000000001,0.6989412097670694,5.05
0.8250000000000001,[2.3547662],0.8250000000000001,0.7046077725524329,5.05
0.8300000000000001,[2.35530114],0.8300000000000001,0.7089065443206396,5.05
0.835,[2.35584719],0.835,0.7167224929901064,5.05
0.84,[2.35640679],0.84,0.72238905577547,5.05
0.845,[2.35698182],0.845,0.7282510172775699,5.05
0.85,[2.35757156],0.85,0.7339175800629335,5.05
0.855,[2.35817453],0.855,0.7399749402817702,5.05
0.86,[2.35878934],0.86,0.7458369017838703,5.05
0.865,[2.35941491],0.865,0.7513080658524971,5.05
0.87,[2.36005021],0.87,0.7571700273545973,5.05
0.875,[2.36069402],0.875,0.7630319888566973,5.05
0.88,[2.3613452],0.88,0.7690893490755342,5.05
0.885,[2.36200475],0.885,0.7774914938952109,5.05
0.89,[2.36267337],0.89,0.7808132720797343,5.05
0.895,[2.36334938],0.895,0.7896062143328845,5.05
0.9,[2.36403124],0.9,0.7927325938006711,5.05
0.905,[2.36471753],0.905,0.8009393399036113,5.05
0.91,[2.36540818],0.91,0.8062151052555014,5.05
0.915,[2.36610305],0.915,0.8124678641910749,5.05
0.92,[2.36680153],0.92,0.8179390282597016,5.05
0.925,[2.36750301],0.925,0.8234101923283283,5.05
0.93,[2.36820607],0.93,0.8290767551136919,5.05
0.935,[2.36890984],0.935,0.8361111089162119,5.05
0.9400000000000001,[2.3696155],0.9400000000000001,0.8439270575856788,5.05
0.9450000000000001,[2.37032524],0.9450000000000001,0.8493982216543056,5.05
0.9500000000000001,[2.3710388],0.9500000000000001,0.8558463793066157,5.05
0.9550000000000001,[2.37175421],0.9550000000000001,0.8620991382421892,5.05
0.96,[2.37247171],0.96,0.8706966817786026,5.05
0.965,[2.37319152],0.965,0.8738230612463893,5.05
0.97,[2.37391184],0.97,0.8820298073493293,5.05
0.975,[2.37463077],0.975,0.8853515855338528,5.05
0.98,[2.37534669],0.98,0.8937537303535298,5.05
0.985,[2.37606021],0.985,0.8998110905723665,5.05
0.99,[2.37677184],0.99,0.9054776533577299,5.05
0.995,[2.37748006],0.995,0.9103626212761465,5.05
1.0,[2.37818358],1.0,0.9162245827782467,5.05
1.0050000000000001,[2.3788813],1.0050000000000001,0.9222819429970835,5.05
1.01,[2.37957406],1.01,0.9306840878167605,5.05
1.0150000000000001,[2.38026434],1.0150000000000001,0.9371322454690706,5.05
1.02,[2.38095063],1.02,0.9402586249368571,5.05
1.025,[2.38162935],1.025,0.9472929787393772,5.05
1.03,[2.38230078],1.03,0.9531549402414774,5.05
1.035,[2.38296551],1.035,0.9580399081598941,5.05
1.04,[2.38362269],1.04,0.9644880658122044,5.05
1.045,[2.38427182],1.045,0.9691776350138844,5.05
1.05,[2.38491233],1.05,0.9758211913829312,5.05
1.055,[2.38554445],1.055,0.9820739503185046,7.019832357317609
1.06,[2.38616839],1.06,0.9871543169536582,7.014965680769956
1.065,[2.38678372],1.065,0.9932116771724948,6.9860637717639245
1.07,[2.3873917],1.07,1.0029816130093283,6.955855282661943
1.075,[2.38799473],1.075,1.0078665809277452,6.9254874128866915
1.08,[2.38859173],1.08,1.0109929603955317,6.894543912437798
1.085,[2.38918073],1.085,1.0205674975156287,6.867883916333245
1.09,[2.38976317],1.09,1.0260386615842554,6.839276784150834
1.095,[2.39034006],1.095,1.0313144269361456,6.812705029468246
1.1,[2.39091077],1.1,1.0356131987043522,6.791744634901127
1.105,[2.3914748],1.105,1.0412797614897158,6.764589821116359
1.11,[2.39203177],1.11,1.048314115292236,6.730956937041835
1.115,[2.3925814],1.115,1.0531990832106526,6.70813647536233
1.12,[2.39312352],1.12,1.058865645996016,6.681880820917485
1.125,[2.39365802],1.125,1.0645322087813796,6.655602948533223
1.1300000000000001,[2.3941849],1.1300000000000001,1.0705895690002163,6.627403262144814
1.135,[2.39470557],1.135,1.0803595048370498,6.5960942802333395
1.1400000000000001,[2.39522268],1.1400000000000001,1.0860260676224132,6.565100284340851
1.145,[2.39573704],1.145,1.0913018329743032,6.537272065099394
1.1500000000000001,[2.3962479],1.1500000000000001,1.0973591931931401,6.506655618417036
1.155,[2.39675597],1.155,1.1061521354462902,6.477691771067036
1.16,[2.3972631],1.16,1.111623299514917,6.446773567132995
1.165,[2.39776948],1.165,1.1178760584504905,6.413520419086872
1.17,[2.39827381],1.17,1.1223702289354338,6.390022748547896
1.175,[2.39877496],1.175,1.1282321904375339,6.360576809185544
1.18,[2.39927189],1.18,1.133507955789424,6.334275975394415
1.185,[2.39976369],1.185,1.1381975249911043,6.311286730336845
1.19,[2.4002495],1.19,1.1434732903429943,6.285637885822321
1.195,[2.40072858],1.195,1.1487490556948845,6.260061756330334
1.2,[2.40120023],1.2,1.1546110171969846,6.231613103558099
1.205,[2.40166372],1.205,1.1596913838321379,6.206155800471875
1.21,[2.40211839],1.21,1.1655533453342382,6.1787267728899895
1.215,[2.40256379],1.215,1.170829110686128,6.152962482147994
1.22,[2.40299946],1.22,1.1763002747547546,6.125836901704287
1.225,[2.40342472],1.225,1.1809898439564348,6.101608631446477
1.23,[2.40383902],1.23,1.1866564067417984,6.076003558236773
1.235,[2.4042422],1.235,1.1923229695271618,6.047917902743514
1.24,[2.40463404],1.24,1.1977941335957885,6.020769649048253
1.245,[2.40501417],1.245,1.203460696381152,5.99264418604373
1.25,[2.40538227],1.25,1.2097134553167255,5.961578808341416
1.2550000000000001,[2.4057382],1.2550000000000001,1.2163570116857723,5.93041984068558
1.26,[2.40608185],1.26,1.2216327770376625,5.901620781252676
1.2650000000000001,[2.40641321],1.2650000000000001,1.2298395231406025,5.865761041361198
1.27,[2.40673271],1.27,1.2351152884924925,5.838192394916467
1.2750000000000001,[2.40704021],1.2750000000000001,1.239609458977436,5.811850824928805
1.28,[2.40733505],1.28,1.2460576166297461,5.782099132326278
1.285,[2.40761716],1.285,1.2517241794151095,5.753285561720909
1.29,[2.40788651],1.29,1.2579769383506831,5.7216507384922135
1.295,[2.40814297],1.295,1.2634481024193098,5.694090663290718
1.3,[2.40838647],1.3,1.2685284690544634,5.66869461630334
1.305,[2.40861727],1.305,1.2767352151574034,5.630061259016933
1.31,[2.40883594],1.31,1.2831833728097135,5.5983512217339895
1.315,[2.4090429],1.315,1.2872867458611836,5.576022358284909
1.32,[2.40923827],1.32,1.2945164983804403,5.54152545076197
1.325,[2.40942247],1.325,1.2997922637323305,5.514972825594921
1.33,[2.40959587],1.33,1.3046772316507471,5.490086103706169
1.335,[2.40975877],1.335,1.3105391931528474,5.461646532437869
1.34,[2.40991159],1.34,1.3162057559382108,5.433389321295216
1.345,[2.41005475],1.345,1.3214815212901008,5.4069721200454035
1.35,[2.4101885],1.35,1.3257802930583074,5.384526839833633
1.355,[2.41031312],1.355,1.332033051993881,5.354272721462341
1.36,[2.41042896],1.36,1.3369180199122979,5.329418838515242
1.365,[2.41053631],1.365,1.342779981414398,5.299622665325058
1.37,[2.41063532],1.37,1.3476649493328146,5.274466680192103
1.375,[2.41072607],1.375,1.3531361134014415,5.246317406401569
1.3800000000000001,[2.41080858],1.3800000000000001,1.3589980749035415,5.216073106464651
1.385,[2.41088279],1.385,1.3642738402554317,5.188586697524698
1.3900000000000001,[2.41094861],1.3900000000000001,1.3707219979077419,5.155210350006942
1.395,[2.41100586],1.395,1.3767793581265784,5.123433963218395
1.4000000000000001,[2.41105425],1.4000000000000001,1.3824459209119417,5.0929789677678965
1.405,[2.41109328],1.405,1.3883078824140422,5.061228306428579
1.41,[2.4111226],1.41,1.3916296605985656,5.0455090395591204
1.415,[2.41114221],1.415,1.3974916221006655,5.014500007247044
1.42,[2.41115158],1.42,1.4051121720533957,4.970337769441488
1.425,[2.41114976],1.425,1.4096063425383392,4.9484440558197464
1.43,[2.41113668],1.43,1.4129281207228626,4.933395069894818
1.435,[2.41111217],1.435,1.4219164616927495,4.879552176400559
1.44,[2.41107519],1.44,1.4271922270446393,4.854410463256108
1.445,[2.41102513],1.445,1.4330541885467396,4.821229404581684
1.45,[2.41096163],1.45,1.438720751332103,4.791728539658208
1.455,[2.41088441],1.455,1.4449735102676766,4.759113167758701
1.46,[2.41079325],1.46,1.4508354717697765,4.725830801420233
1.465,[2.41068791],1.465,1.45591583840493,4.7010647678555735
1.47,[2.41056858],1.47,1.4609962050400835,4.673489584184939
1.475,[2.41043548],1.475,1.4664673691087102,4.644354426525825
1.48,[2.41028882],1.48,1.471938533177337,4.616306027780328
1.485,[2.41012797],1.485,1.4797544818468038,4.5640339841512265
1.49,[2.40995129],1.49,1.4856164433489039,4.535300077419387
1.495,[2.40975916],1.495,1.489133620250164,4.526209704118322
1.5,[2.40955296],1.5,1.4963633727694208,4.4783672906598015
1.5050000000000001,[2.40933234],1.5050000000000001,1.5018345368380475,4.4504502698511335
1.51,[2.4090971],1.51,1.5076964983401473,4.420239835450515
1.5150000000000001,[2.40884796],1.5150000000000001,1.513363061125511,4.390573461051293
1.52,[2.40858552],1.52,1.5192250226276112,4.358684978321056
1.5250000000000001,[2.4083099],1.5250000000000001,1.5256731802799213,4.320942143680355
1.53,[2.4080214],1.53,1.5301673507648645,4.3016800521092735
1.5350000000000001,[2.40772123],1.5350000000000001,1.534075325099598,4.280842319067967
1.54,[2.40741061],1.54,1.5387648943012782,4.254784800338386
1.545,[2.40709135],1.545,1.5418912737690649,4.249588149347177
1.55,[2.40676566],1.55,1.547167039120955,4.211862470500497
1.555,[2.40643435],1.555,1.5506842160222152,4.196933431655425
1.56,[2.40609798],1.56,1.5561553800908419,4.16462143452716
1.565,[2.40575652],1.565,1.5622127403096786,4.1256266729329
1.57,[2.40540847],1.57,1.5682701005285153,4.087748314691364
1.575,[2.40505337],1.575,1.5715918787130385,4.07950218689841
1.58,[2.4046912],1.58,1.5794078273825054,4.021012710910451
1.585,[2.40432078],1.585,1.5840973965841858,4.005462281270869
1.59,[2.40394313],1.59,1.5878099722021823,3.9926850147803323
1.595,[2.40355918],1.595,1.596212117021859,3.9300469085293575
1.6,[2.40316675],1.6,1.6018786798072226,3.901767192627472
1.605,[2.40276477],1.605,1.6077406413093227,3.8719255762984686
1.61,[2.40235384],1.61,1.6132118053779496,3.843333632590555
1.615,[2.40193375],1.615,1.620636956613943,3.796474263976638
1.62,[2.40150279],1.62,1.627085114266253,3.755510765850619
1.625,[2.40106109],1.625,1.6300160950173033,3.738406369086547
1.6300000000000001,[2.40061039],1.6300000000000001,1.6382228411202433,3.6821231407434767
1.635,[2.4001504],1.635,1.6421308154549765,3.6740587185004085
1.6400000000000001,[2.39968157],1.6400000000000001,1.6474065808068667,3.6488318563054767
1.645,[2.39920611],1.645,1.6517053525750736,3.635755824801957
1.6500000000000001,[2.3987264],1.6500000000000001,1.6563949217767535,3.6115120439385313
1.655,[2.39824303],1.655,1.6628430794290636,3.56625277229758
1.6600000000000001,[2.39775374],1.6600000000000001,1.669291237081374,3.522893655625642
1.665,[2.39725624],1.665,1.6747624011500006,3.496259197603119
1.67,[2.39675111],1.67,1.678670375484734,3.484775520624332
1.675,[2.39624158],1.675,1.6823829511027306,3.4733259259701916
1.68,[2.39573196],1.68,1.6860955267207276,3.4633164150014344
1.685,[2.39522409],1.685,1.693520677956721,3.401294050770288
1.69,[2.39471382],1.69,1.7021182214931343,3.3350771577225715
1.695,[2.39419577],1.695,1.7081755817119713,3.3067811012408246
1.7,[2.39366863],1.7,1.7128651509136512,3.2840111864975867
1.705,[2.39313321],1.705,1.7189225111324882,3.2535544316172404
1.71,[2.39259025],1.71,1.7245890739178515,3.2240687535794623
1.715,[2.39204043],1.715,1.7286924469693217,3.2017230034308626
1.72,[2.39148629],1.72,1.7318188264371084,3.183302162109879
1.725,[2.39093069],1.725,1.739048578956365,3.132420308918259
1.73,[2.39037225],1.73,1.7447151417417284,3.0976488437915535
1.735,[2.38980841],1.735,1.7494047109434088,3.076245354399463
1.74,[2.38924084],1.74,1.7523356916944586,3.0587147941327433
1.745,[2.38867404],1.745,1.7564390647459287,3.043368125298667
1.75,[2.38810986],1.75,1.7615194313810822,3.011556774178903
1.7550000000000001,[2.387547],1.7550000000000001,1.7667951967329725,2.984182432362125
1.76,[2.3869843],1.76,1.7726571582350723,2.953251181198488
1.7650000000000001,[2.38641988],1.7650000000000001,1.7798869107543291,2.9016486786011324
1.77,[2.38585107],1.77,1.7845764799560093,2.8816241555101976
1.7750000000000001,[2.38527609],1.7750000000000001,1.7918062324752662,2.834396556456988
1.78,[2.38469346],1.78,1.7986451875610496,2.8013920921615467
1.7850000000000001,[2.3841027],1.7850000000000001,1.8033347567627296,2.777646552175157
1.79,[2.38350439],1.79,1.8086105221146198,2.7499990622454598
1.795,[2.38289903],1.795,1.8140816861832465,2.720558043180784
1.8,[2.38228864],1.8,1.8175988630845066,2.7172827544192355
1.805,[2.38167488],1.805,1.82385162202008,2.6610990264861707
1.81,[2.38105592],1.81,1.82912738737197,2.6325941746081662
1.815,[2.38043239],1.815,1.8318629694062836,2.6156815213914215
1.82,[2.37980689],1.82,1.8385065257753306,2.561843553989605
1.825,[2.37917925],1.825,1.841632905243117,2.56605367005124
1.83,[2.3785499],1.83,1.8478856641786905,2.5241015398276305
1.835,[2.3779183],1.835,1.8531614295305805,2.4920983874980505
1.84,[2.37728301],1.84,1.8578509987322607,2.4708199735132363
1.845,[2.37664351],1.845,1.8635175615176243,2.4326662497802314
1.85,[2.37599939],1.85,1.867620934569094,2.417870498251307
1.855,[2.37534896],1.855,1.8760230793887709,2.347595242397658
1.86,[2.37468828],1.86,1.8818850408908712,2.319210376527075
1.865,[2.37401539],1.865,1.8869654075260245,2.293379921281207
1.87,[2.3733311],1.87,1.8924365715946512,2.2673831699824687
1.875,[2.37263614],1.875,1.8975169382298047,2.235583493696145
1.8800000000000001,[2.37193056],1.8800000000000001,1.902792703581695,2.2062621446280613
1.885,[2.37121446],1.885,1.9086546650837948,2.173521543541646
1.8900000000000001,[2.37048778],1.8900000000000001,1.915102822736105,2.1332989954276513
1.895,[2.36975053],1.895,1.9195969932210482,2.11192584341734
1.9000000000000001,[2.36900218],1.9000000000000001,1.9262405495900952,2.0603664147091534
1.905,[2.36824233],1.905,1.9301485239248286,2.053612997960171
1.9100000000000001,[2.36747289],1.9100000000000001,1.9344472956930354,2.0261749291185245
1.915,[2.36669551],1.915,1.938746067461242,1.99886223871059
1.92,[2.36591171],1.92,1.9424586430792388,1.990227604206179
1.925,[2.36512272],1.925,1.9492975981650225,1.930748553472084
1.93,[2.36432659],1.93,1.9547687622336491,1.8991666363105164
1.935,[2.36352164],1.935,1.9608261224524859,1.8645877204248045
1.94,[2.36270868],1.94,1.9651248942206925,1.84644843618194
1.945,[2.36188838],1.945,1.970986855722793,1.8020652184934685
1.95,[2.36105974],1.95,1.9756764249244727,1.7742176737823274
1.955,[2.36022188],1.955,1.9805613928428896,1.7452239383498447
1.96,[2.35937667],1.96,1.9840785697441496,1.7418814010371118
1.965,[2.35852566],1.965,1.989745132529513,1.6840404217665101
1.97,[2.35766689],1.97,1.9950208978814032,1.6587681559834133
1.975,[2.35680096],1.975,1.9985380747826633,1.6541131855045925
1.98,[2.35593181],1.98,2.003032245267607,1.624722302409506
1.985,[2.35506078],1.985,2.0085034093362335,1.5858090059144245
1.99,[2.35418687],1.99,2.013583775971387,1.5543261556762793
1.995,[2.35330966],1.995,2.0176871490228567,1.5304710205458556
2.0,[2.35242933],2.0,2.0227675156580105,1.4986953385785176
2.005,[2.35154521],2.005,2.027847882293164,1.4619928634369084
2.0100000000000002,[2.35065642],2.0100000000000002,2.0321466540613704,1.4411428836971079
2.015,[2.34976332],2.015,2.037031621979787,1.4118332076322342
2.02,[2.34886482],2.02,2.0423073873316775,1.3645933640487018
2.025,[2.3479586],2.025,2.0468015578166208,1.346534118367342
2.0300000000000002,[2.34704521],2.0300000000000002,2.0507095321513544,1.328755102883052
2.035,[2.34612798],2.035,2.0552037026362977,1.3142160376649494
2.04,[2.34520743],2.04,2.0610656641383978,1.2496460749695832
2.045,[2.34428134],2.045,2.0647782397563947,1.2476498903160136
2.05,[2.34334662],2.05,2.0729849858593346,1.1585854252722056
2.055,[2.34239847],2.055,2.077088358910805,1.1531082602087497
2.06,[2.34143446],2.06,2.0835365165631146,1.101637847939401
2.065,[2.3404532],2.065,2.0886168831982683,1.0727113590213255
2.07,[2.33945345],2.07,2.0938926485501583,1.0448915993072678
2.075,[2.33843749],2.075,2.097605224168155,1.0377146278608487
2.08,[2.33740716],2.08,2.1040533818204654,0.9788781811567203
2.085,[2.33636411],2.085,2.1073751600049886,0.9934974356655821
2.09,[2.33531226],2.09,2.1124555266401424,0.9417136858141627
2.095,[2.33425359],2.095,2.116168102258139,0.9304436814594588
2.1,[2.33318549],2.1,2.124179449644342,0.8422324928792297
2.105,[2.33210422],2.105,2.1276966265456023,0.8484602023439661
2.11,[2.33101021],2.11,2.1329723918974923,0.8033552226238561
2.115,[2.32990597],2.115,2.1370757649489627,0.7961544283222296
2.12,[2.32879393],2.12,2.1421561315841156,0.7585266979674923
2.125,[2.32767082],2.125,2.150362877687056,0.6660549699161561
2.13,[2.32652761],2.13,2.156224839189156,0.6381559533510229
2.1350000000000002,[2.3253617],2.1350000000000002,2.1622821994079926,0.6147097564337468
2.14,[2.3241754],2.14,2.166971768609673,0.5800802022744269
2.145,[2.32296915],2.145,2.1726383313950364,0.5461976472016614
2.15,[2.32174309],2.15,2.1785002928971364,0.5122731756589985
2.1550000000000002,[2.32049823],2.1550000000000002,2.183971456965763,0.4793450448686463
2.16,[2.31923567],2.16,2.1886610261674435,0.44960997940757275
2.165,[2.31795401],2.165,2.19647697483691,0.3814280053519475
2.17,[2.31665059],2.17,2.200775746605117,0.3667063053662125
2.1750000000000003,[2.31532667],2.1750000000000003,2.2062469106737437,0.3358752759566357
2.18,[2.31398422],2.18,2.2123042708925804,0.2905807821329908
2.185,[2.31262199],2.185,2.218361631111417,0.24549821185161885
2.19,[2.31124203],2.19,2.2216834092959403,0.25791534920936754
2.195,[2.30985147],2.195,2.227349972081304,0.2159121608495926
2.2,[2.30844932],2.2,2.2351659207507706,0.12147656902553074
2.205,[2.30703137],2.205,2.238096901501821,0.15208638002693803
2.21,[2.30559863],2.21,2.2451312553043414,0.0579623925829194
2.215,[2.30414702],2.215,2.2500162232227576,0.03430285245294985
2.22,[2.3026755],2.22,2.2533380014072812,0.03547945351305471
2.225,[2.30118844],2.225,2.2582229693256983,-0.013673827520709992
2.23,[2.29968564],2.23,2.262130943660431,-0.0370390833751409
2.235,[2.2981667],2.235,2.2652573231282185,-0.055669333975002754
2.24,[2.29663347],2.24,2.2681883038792683,-0.07320365730284577
2.245,[2.29508784],2.245,2.2701422910466347,-0.08722830847422428
2.25,[2.29353188],2.25,2.271705480780528,-0.09597286227319608
2.255,[2.29196761],2.255,2.272487075647475,-0.10734773375045203
2.2600000000000002,[2.29039812],2.2600000000000002,2.2730732717976845,-0.09705095919517752
2.265,[2.28882677],2.265,2.273659467947895,-0.11878482368113914
2.27,[2.28725637],2.27,2.2734640692311583,-0.09772156732877083
2.275,[2.28568712],2.275,2.2730732717976845,-0.14437478788370928
2.2800000000000002,[2.28411545],2.2800000000000002,2.272487075647475,-0.1240056472045607
2.285,[2.28254659],2.285,2.271900879497265,-0.12595359553044908
2.29,[2.28099716],2.29,2.2713146833470548,-0.12873147788471417
2.295,[2.27948423],2.295,2.2705330884801085,-0.13055788272512095
2.3000000000000003,[2.27802176],2.3000000000000003,2.269946892329898,-0.13334958617570897
2.305,[2.27662092],2.305,2.268969898746215,-0.1340401639998826
2.31,[2.27529034],2.31,2.2679929051625316,-0.13442630377763234
2.315,[2.2740364],2.315,2.267015911578848,-0.13446215534251105
2.32,[2.27286353],2.32,2.2660389179951648,-0.13410933000560246
2.325,[2.27177441],2.325,2.2648665256947447,-0.13254223914831714
2.33,[2.27077021],2.33,2.2634987346775883,-0.12949774732309013
2.335,[2.26985084],2.335,2.262130943660431,-0.12614310081749402
2.34,[2.26901511],2.34,2.2607631526432748,-0.12227023843745771
2.345,[2.26826094],2.345,2.259395361626118,-0.11810127258381933
2.35,[2.26758551],2.35,2.258027570608961,-0.11359598139391376
2.355,[2.26698542],2.355,2.2564643808750677,-0.1077753901367637
2.36,[2.2664568],2.36,2.2549011911411747,-0.10160191331045294
2.365,[2.26599549],2.365,2.2531426026905446,-0.09413162034487224
2.37,[2.26559705],2.37,2.2513840142399144,-0.08634060665342815
2.375,[2.26525696],2.375,2.249820824506021,-0.07922659228372612
2.38,[2.26497061],2.38,2.2480622360553912,-0.07105032779385573
2.3850000000000002,[2.26473341],2.3850000000000002,2.2463036476047615,-0.06270223407047147
2.39,[2.26454085],2.39,2.2443496604373943,-0.053205284066828805
2.395,[2.26438854],2.395,2.2425910719867646,-0.0446487231982677
2.4,[2.26427223],2.4,2.2406370848193973,-0.03488471129119134
2.4050000000000002,[2.26418787],2.4050000000000002,2.238683097652031,-0.024914747662337658
2.41,[2.26413163],2.41,2.236924509201401,-0.015916263582318638
2.415,[2.2640999],2.415,2.2351659207507706,-0.00687894251134898
2.42,[2.2640893],2.42,2.233211933583404,0.0031942262278219467
2.4250000000000003,[2.2640967],2.4250000000000003,2.231453345132774,0.01221814870302893
2.43,[2.26411924],2.43,2.229694756682144,0.02137905986144419
2.435,[2.26415428],2.435,2.228131566948251,0.029508967879483122
2.44,[2.26419945],2.44,2.2265683772143574,0.03745180343847079
2.445,[2.26425258],2.445,2.2248097887637273,0.04628603054245864
2.45,[2.26431177],2.45,2.223441997746571,0.0531679783174736
2.455,[2.26437532],2.455,2.222074206729414,0.05986025770175938
2.46,[2.26444172],2.46,2.2207064157122574,0.06646894068264998
2.465,[2.26450968],2.465,2.2193386246951006,0.07303656963956738
2.47,[2.26457807],2.47,2.218166232394681,0.07845142517134263
2.475,[2.26464595],2.475,2.217189238810997,0.08279131986447251
2.48,[2.26471251],2.48,2.2164076439440503,0.08609989885057531
2.485,[2.2647771],2.485,2.2154306503603673,0.09033219598742107
2.49,[2.26483917],2.49,2.2146490554934206,0.09341905288389797
2.495,[2.26489833],2.495,2.213867460626474,0.0965557933361852
2.5,[2.26495424],2.5,2.213281264476264,0.09858434530114249
2.505,[2.26500669],2.505,2.212695068326054,0.10068529125198783
2.5100000000000002,[2.26505553],2.5100000000000002,2.2123042708925804,0.10168885014920556
2.515,[2.26510069],2.515,2.2121088721758437,0.10180279756459173
2.52,[2.26514214],2.52,2.2117180747423704,0.10274683062091491
2.525,[2.26517993],2.525,2.211522676025634,0.10282216579458567
2.5300000000000002,[2.26521413],2.5300000000000002,2.2113272773088974,0.10292523018076687
2.535,[2.26524485],2.535,2.2111318785921603,0.10303844458922135
2.54,[2.26527223],2.54,2.2109364798754236,0.10314877466853493
2.545,[2.26529644],2.545,2.2111318785921603,0.101315665523317
2.5500000000000003,[2.26531764],2.5500000000000003,2.2111318785921603,0.10041887294336425
2.555,[2.26533602],2.555,2.2111318785921603,0.09968254735827857
2.56,[2.26535179],2.56,2.2111318785921603,0.09901738614975157
2.565,[2.26536514],2.565,2.2111318785921603,0.09838222746027954
2.57,[2.26537628],2.57,2.2111318785921603,0.09775702191621652
2.575,[2.26538539],2.575,2.2113272773088974,0.09632834684161667
2.58,[2.26539268],2.58,2.2113272773088974,0.0957733129483708
2.585,[2.26539834],2.585,2.211522676025634,0.0945400981897993
2.59,[2.26540253],2.59,2.211522676025634,0.09440431299553906
2.595,[2.26540543],2.595,2.2117180747423704,0.09321467211590531
2.6,[2.26540721],2.6,2.2117180747423704,0.09293052349965003
2.605,[2.26540801],2.605,2.2117180747423704,0.09279112736074675
2.61,[2.26540798],2.61,2.211913473459107,0.09175208287061995
2.615,[2.26540724],2.615,2.211913473459107,0.09170290191652541
2.62,[2.26540592],2.62,2.211913473459107,0.09167827695157336
2.625,[2.26540411],2.625,2.2121088721758437,0.0906930822999384
2.63,[2.26540192],2.63,2.2121088721758437,0.09066800487137879
2.6350000000000002,[2.26539944],2.6350000000000002,2.2121088721758437,0.09065326456176066
2.64,[2.26539674],2.64,2.2123042708925804,0.08967142663460186
2.645,[2.26539389],2.645,2.2123042708925804,0.08964695425341124
2.65,[2.26539095],2.65,2.2123042708925804,0.08963189027105664
2.6550000000000002,[2.26538797],2.6550000000000002,2.2123042708925804,0.08961687417463074
2.66,[2.265385],2.66,2.2123042708925804,0.08960196285093751
2.665,[2.26538208],2.665,2.2123042708925804,0.08975064305856321
2.67,[2.26537923],2.67,2.2123042708925804,0.08981968244404887
2.6750000000000003,[2.26537649],2.6750000000000003,2.2123042708925804,0.08984759893721812
2.68,[2.26537386],2.68,2.2123042708925804,0.09001862522898624
2.685,[2.26537137],2.685,2.2123042708925804,0.09009988258861862
2.69,[2.26536903],2.69,2.2123042708925804,0.09013503494758882
2.695,[2.26536684],2.695,2.2123042708925804,0.09014752508015926
2.7,[2.26536481],2.7,2.2123042708925804,0.09014909353433367
2.705,[2.26536294],2.705,2.2123042708925804,0.09014560810387078
2.71,[2.26536124],2.71,2.2123042708925804,0.0901399951825859
2.715,[2.26535969],2.715,2.2123042708925804,0.0901337064464615
2.72,[2.26535829],2.72,2.2123042708925804,0.09012745296544528
2.725,[2.26535704],2.725,2.2123042708925804,0.09012157295188336
2.73,[2.26535594],2.73,2.2123042708925804,0.09011621625345713
2.735,[2.26535496],2.735,2.2123042708925804,0.09011143714793632
2.74,[2.26535412],2.74,2.2123042708925804,0.09010724122219495
2.745,[2.26535339],2.745,2.2123042708925804,0.09010360923074491
2.75,[2.26535277],2.75,2.2123042708925804,0.09010050938567199
2.755,[2.26535224],2.755,2.2123042708925804,0.09009790380821842
2.7600000000000002,[2.26535181],2.7600000000000002,2.2123042708925804,0.09009575201153062
2.765,[2.26535147],2.765,2.2123042708925804,0.0900940128536804
2.77,[2.26535119],2.77,2.2123042708925804,0.09009264568470862
2.775,[2.26535099],2.775,2.2123042708925804,0.09009161105378165
2.7800000000000002,[2.26535084],2.7800000000000002,2.2123042708925804,0.09009087116340386
2.785,[2.26535074],2.785,2.2123042708925804,0.09009039016798623
2.79,[2.26535069],2.79,2.2123042708925804,0.09009013436898036
2.795,[2.26535068],2.795,2.2123042708925804,0.09009007233604417
2.8000000000000003,[2.2653507],2.8000000000000003,2.2123042708925804,0.09009017497211504
2.805,[2.26535075],2.805,2.2123042708925804,0.09009041553419475
2.81,[2.26535082],2.81,2.2123042708925804,0.0900907696184366
2.815,[2.26535091],2.815,2.2123042708925804,0.0900912151162248
2.82,[2.26535102],2.82,2.2123042708925804,0.09009173214680369
2.825,[2.26535113],2.825,2.2123042708925804,0.0900923029711844
2.83,[2.26535125],2.83,2.2123042708925804,0.09009291189148098
2.835,[2.26535138],2.835,2.2123042708925804,0.09009354513927281
2.84,[2.26535151],2.84,2.2123042708925804,0.09009419075618436
2.845,[2.26535164],2.845,2.2123042708925804,0.09009483846941277
2.85,[2.26535176],2.85,2.2123042708925804,0.090095479564649
2.855,[2.26535189],2.855,2.2123042708925804,0.09009610675840707
2.86,[2.26535201],2.86,2.2123042708925804,0.09009671407152255
2.865,[2.26535213],2.865,2.2123042708925804,0.09009729670527988
2.87,[2.26535224],2.87,2.2123042708925804,0.09009785092137695
2.875,[2.26535234],2.875,2.2123042708925804,0.09009837392666696
2.88,[2.26535244],2.88,2.2123042708925804,0.0900988637634572
2.8850000000000002,[2.26535253],2.8850000000000002,2.2123042708925804,0.0900993192059142
2.89,[2.26535262],2.89,2.2123042708925804,0.09009973966297395
2.895,[2.26535269],2.895,2.2123042708925804,0.09010012508802094
2.9,[2.26535276],2.9,2.2123042708925804,0.09010047589544784
2.9050000000000002,[2.26535283],2.9050000000000002,2.2123042708925804,0.09010079288414419
2.91,[2.26535288],2.91,2.2123042708925804,0.09010107716778362
2.915,[2.26535293],2.915,2.2123042708925804,0.09010133011181537
2.92,[2.26535298],2.92,2.2123042708925804,0.09010155327691302
2.9250000000000003,[2.26535302],2.9250000000000003,2.2123042708925804,0.09010174836862113
2.93,[2.26535305],2.93,2.2123042708925804,0.09010191719289334
2.935,[2.26535308],2.935,2.2123042708925804,0.09010206161721382
2.94,[2.2653531],2.94,2.2123042708925804,0.09010218353689406
2.945,[2.26535312],2.945,2.2123042708925804,0.09010228484623124
2.95,[2.26535314],2.95,2.2123042708925804,0.09010236741412272
2.955,[2.26535315],2.955,2.2123042708925804,0.09010243306377863
2.96,[2.26535316],2.96,2.2123042708925804,0.090102483556153
2.965,[2.26535317],2.965,2.2123042708925804,0.09010252057674484
2.97,[2.26535318],2.97,2.2123042708925804,0.09010254572540244
2.975,[2.26535318],2.975,2.2123042708925804,0.09010256050882667
2.98,[2.26535318],2.98,2.2123042708925804,0.09010256633543118
2.985,[2.26535318],2.985,2.2123042708925804,0.09010256451226181
2.99,[2.26535318],2.99,2.2123042708925804,0.09010255624371509
2.995,[2.26535318],2.995,2.2123042708925804,0.0901025426317781
3.0,[2.26535317],3.0,2.2123042708925804,0.09010252467756094
3.005,[2.26535317],3.005,2.2123042708925804,0.0901025032839015
3.0100000000000002,[2.26535316],3.0100000000000002,2.2123042708925804,0.09010247925883404
3.015,[2.26535316],3.015,2.2123042708925804,0.09010245331975869
3.02,[2.26535315],3.02,2.2123042708925804,0.0901024260981391
3.025,[2.26535315],3.025,2.2123042708925804,0.09010239814457888
3.0300000000000002,[2.26535314],3.0300000000000002,2.2123042708925804,0.09010236993417906
3.035,[2.26535314],3.035,2.2123042708925804,0.0901023418720322
3.04,[2.26535313],3.04,2.2123042708925804,0.09010231429878396
3.045,[2.26535313],3.045,2.2123042708925804,0.09010228749616679
3.0500000000000003,[2.26535312],3.0500000000000003,2.2123042708925804,0.09010226169244306
3.055,[2.26535312],3.055,2.2123042708925804,0.09010223706769797
3.06,[2.26535311],3.06,2.2123042708925804,0.0901022137589528
3.065,[2.26535311],3.065,2.2123042708925804,0.09010219186502803
3.0700000000000003,[2.2653531],3.0700000000000003,2.2123042708925804,0.09010217145116425
3.075,[2.2653531],3.075,2.2123042708925804,0.09010215255335281
3.08,[2.26535309],3.08,2.2123042708925804,0.09010213518239744
3.085,[2.26535309],3.085,2.2123042708925804,0.09010211932765023
3.09,[2.26535309],3.09,2.2123042708925804,0.0901021049604671
3.095,[2.26535309],3.095,2.2123042708925804,0.09010209203735295
3.1,[2.26535308],3.1,2.2123042708925804,0.0901020805028201
3.105,[2.26535308],3.105,2.2123042708925804,0.09010207029195796
3.11,[2.26535308],3.11,2.2123042708925804,0.09010206133272951
3.115,[2.26535308],3.115,2.2123042708925804,0.09010205354799909
3.12,[2.26535308],3.12,2.2123042708925804,0.0901020468573223
3.125,[2.26535308],3.125,2.2123042708925804,0.0901020411785004
3.13,[2.26535307],3.13,2.2123042708925804,0.09010203642891702
3.1350000000000002,[2.26535307],3.1350000000000002,2.2123042708925804,0.09010203252666828
3.14,[2.26535307],3.14,2.2123042708925804,0.09010202939151264
3.145,[2.26535307],3.145,2.2123042708925804,0.09010202694565869
3.15,[2.26535307],3.15,2.2123042708925804,0.09010202511439944
3.1550000000000002,[2.26535307],3.1550000000000002,2.2123042708925804,0.09010202382659134
3.16,[2.26535307],3.16,2.2123042708925804,0.09010202301503273
3.165,[2.26535307],3.165,2.2123042708925804,0.09010202261672487
3.17,[2.26535307],3.17,2.2123042708925804,0.09010202257303716
3.1750000000000003,[2.26535307],3.1750000000000003,2.2123042708925804,0.09010202282979893
3.18,[2.26535307],3.18,2.2123042708925804,0.09010202333731145
3.185,[2.26535307],3.185,2.2123042708925804,0.0901020240502951
3.19,[2.26535307],3.19,2.2123042708925804,0.09010202492779672
3.1950000000000003,[2.26535307],3.1950000000000003,2.2123042708925804,0.09010202593305662
3.2,[2.26535307],3.2,2.2123042708925804,0.09010202703333152
3.205,[2.26535307],3.205,2.2123042708925804,0.09010202819970148
3.21,[2.26535307],3.21,2.2123042708925804,0.09010202940685469
3.215,[2.26535307],3.215,2.2123042708925804,0.09010203063285897
3.22,[2.26535307],3.22,2.2123042708925804,0.09010203185891988
3.225,[2.26535307],3.225,2.2123042708925804,0.09010203306914741
3.23,[2.26535307],3.23,2.2123042708925804,0.09010203425030754
3.235,[2.26535307],3.235,2.2123042708925804,0.09010203539158446
3.24,[2.26535307],3.24,2.2123042708925804,0.09010203648434964
3.245,[2.26535308],3.245,2.2123042708925804,0.09010203752193524
3.25,[2.26535308],3.25,2.2123042708925804,0.0901020384994209
3.255,[2.26535308],3.255,2.2123042708925804,0.09010203941341825
3.2600000000000002,[2.26535308],3.2600000000000002,2.2123042708925804,0.09010204026188863
3.265,[2.26535308],3.265,2.2123042708925804,0.09010204104395433
3.27,[2.26535308],3.27,2.2123042708925804,0.09010204175973188
3.275,[2.26535308],3.275,2.2123042708925804,0.09010204241018308
3.2800000000000002,[2.26535308],3.2800000000000002,2.2123042708925804,0.090102042996964
3.285,[2.26535308],3.285,2.2123042708925804,0.0901020435222983
3.29,[2.26535308],3.29,2.2123042708925804,0.09010204398886802
3.295,[2.26535308],3.295,2.2123042708925804,0.09010204439970063
3.3000000000000003,[2.26535308],3.3000000000000003,2.2123042708925804,0.09010204475807536
3.305,[2.26535308],3.305,2.2123042708925804,0.0901020450674477
3.31,[2.26535308],3.31,2.2123042708925804,0.09010204533137157
3.315,[2.26535308],3.315,2.2123042708925804,0.0901020455534437
3.3200000000000003,[2.26535308],3.3200000000000003,2.2123042708925804,0.09010204573724796
3.325,[2.26535308],3.325,2.2123042708925804,0.09010204588631103
3.33,[2.26535308],3.33,2.2123042708925804,0.09010204600406448
3.335,[2.26535308],3.335,2.2123042708925804,0.09010204609381575
3.34,[2.26535308],3.34,2.2123042708925804,0.09010204615872605
3.345,[2.26535308],3.345,2.2123042708925804,0.09010204620178804
3.35,[2.26535308],3.35,2.2123042708925804,0.09010204622581458
3.355,[2.26535308],3.355,2.2123042708925804,0.09010204623343215
3.36,[2.26535308],3.36,2.2123042708925804,0.09010204622707627
3.365,[2.26535308],3.365,2.2123042708925804,0.09010204620898712
3.37,[2.26535308],3.37,2.2123042708925804,0.09010204618120951
3.375,[2.26535308],3.375,2.2123042708925804,0.09010204614559719
3.38,[2.26535308],3.38,2.2123042708925804,0.0901020461038218
3.3850000000000002,[2.26535308],3.3850000000000002,2.2123042708925804,0.09010204605737727
3.39,[2.26535308],3.39,2.2123042708925804,0.09010204600758649
3.395,[2.26535308],3.395,2.2123042708925804,0.09010204595561015
3.4,[2.26535308],3.4,2.2123042708925804,0.09010204590245789
3.4050000000000002,[2.26535308],3.4050000000000002,2.2123042708925804,0.09010204584900151
3.41,[2.26535308],3.41,2.2123042708925804,0.09010204579597952
3.415,[2.26535308],3.415,2.2123042708925804,0.09010204574401046
3.42,[2.26535308],3.42,2.2123042708925804,0.09010204569360607
3.4250000000000003,[2.26535308],3.4250000000000003,2.2123042708925804,0.09010204564517596
3.43,[2.26535308],3.43,2.2123042708925804,0.09010204559904297
3.435,[2.26535308],3.435,2.2123042708925804,0.09010204555545215
3.44,[2.26535308],3.44,2.2123042708925804,0.09010204551457299
3.4450000000000003,[2.26535308],3.4450000000000003,2.2123042708925804,0.09010204547651711
3.45,[2.26535308],3.45,2.2123042708925804,0.09010204544134279
3.455,[2.26535308],3.455,2.2123042708925804,0.09010204540905938
3.46,[2.26535308],3.46,2.2123042708925804,0.09010204537964062
3.465,[2.26535308],3.465,2.2123042708925804,0.09010204535302689
3.47,[2.26535308],3.47,2.2123042708925804,0.09010204532912745
3.475,[2.26535308],3.475,2.2123042708925804,0.0901020453078315
3.48,[2.26535308],3.48,2.2123042708925804,0.09010204528901483
3.485,[2.26535308],3.485,2.2123042708925804,0.09010204527253989
3.49,[2.26535308],3.49,2.2123042708925804,0.09010204525826024
3.495,[2.26535308],3.495,2.2123042708925804,0.0901020452460205
3.5,[2.26535308],3.5,2.2123042708925804,0.0901020452356631
3.505,[2.26535308],3.505,2.2123042708925804,0.09010204522703254
3.5100000000000002,[2.26535308],3.5100000000000002,2.2123042708925804,0.09010204521997342
3.515,[2.26535308],3.515,2.2123042708925804,0.09010204521433249
3.52,[2.26535308],3.52,2.2123042708925804,0.09010204520996312
3.525,[2.26535308],3.525,2.2123042708925804,0.09010204520673198
3.5300000000000002,[2.26535308],3.5300000000000002,2.2123042708925804,0.09010204520450142
3.535,[2.26535308],3.535,2.2123042708925804,0.09010204520314259
3.54,[2.26535308],3.54,2.2123042708925804,0.09010204520253988
3.545,[2.26535308],3.545,2.2123042708925804,0.0901020452025866
3.5500000000000003,[2.26535308],3.5500000000000003,2.2123042708925804,0.0901020452031828
3.555,[2.26535308],3.555,2.2123042708925804,0.09010204520423512
3.56,[2.26535308],3.56,2.2123042708925804,0.0901020452056591
3.565,[2.26535308],3.565,2.2123042708925804,0.09010204520737698
3.5700000000000003,[2.26535308],3.5700000000000003,2.2123042708925804,0.09010204520932642
3.575,[2.26535308],3.575,2.2123042708925804,0.09010204521144305
3.58,[2.26535308],3.58,2.2123042708925804,0.09010204521367124
3.585,[2.26535308],3.585,2.2123042708925804,0.09010204521596651
3.59,[2.26535308],3.59,2.2123042708925804,0.09010204521829102
3.595,[2.26535308],3.595,2.2123042708925804,0.09010204522060702
3.6,[2.26535308],3.6,2.2123042708925804,0.09010204522288778
3.605,[2.26535308],3.605,2.2123042708925804,0.09010204522510884
3.61,[2.26535308],3.61,2.2123042708925804,0.09010204522724795
3.615,[2.26535308],3.615,2.2123042708925804,0.09010204522929392
3.62,[2.26535308],3.62,2.2123042708925804,0.09010204523123344
3.625,[2.26535308],3.625,2.2123042708925804,0.09010204523305979
3.63,[2.26535308],3.63,2.2123042708925804,0.0901020452347663
3.6350000000000002,[2.26535308],3.6350000000000002,2.2123042708925804,0.09010204523634852
3.64,[2.26535308],3.64,2.2123042708925804,0.09010204523780418
3.645,[2.26535308],3.645,2.2123042708925804,0.09010204523913329
3.65,[2.26535308],3.65,2.2123042708925804,0.09010204524033803
3.6550000000000002,[2.26535308],3.6550000000000002,2.2123042708925804,0.09010204524142502
3.66,[2.26535308],3.66,2.2123042708925804,0.09010204524239653
3.665,[2.26535308],3.665,2.2123042708925804,0.09010204524326135
3.67,[2.26535308],3.67,2.2123042708925804,0.0901020452440218
3.6750000000000003,[2.26535308],3.6750000000000003,2.2123042708925804,0.09010204524468228
3.68,[2.26535308],3.68,2.2123042708925804,0.09010204524525384
3.685,[2.26535308],3.685,2.2123042708925804,0.09010204524573877
3.69,[2.26535308],3.69,2.2123042708925804,0.0901020452461459
3.6950000000000003,[2.26535308],3.6950000000000003,2.2123042708925804,0.0901020452464841
3.7,[2.26535308],3.7,2.2123042708925804,0.09010204524675787
3.705,[2.26535308],3.705,2.2123042708925804,0.09010204524697603
3.71,[2.26535308],3.71,2.2123042708925804,0.09010204524714088
3.715,[2.26535308],3.715,2.2123042708925804,0.09010204524725685
3.72,[2.26535308],3.72,2.2123042708925804,0.09010204524733273
3.725,[2.26535308],3.725,2.2123042708925804,0.09010204524737306
3.73,[2.26535308],3.73,2.2123042708925804,0.09010204524738226
3.735,[2.26535308],3.735,2.2123042708925804,0.09010204524736477
3.74,[2.26535308],3.74,2.2123042708925804,0.09010204524732722
3.745,[2.26535308],3.745,2.2123042708925804,0.09010204524727189
3.75,[2.26535308],3.75,2.2123042708925804,0.09010204524720099
3.755,[2.26535308],3.755,2.2123042708925804,0.09010204524711894
3.7600000000000002,[2.26535308],3.7600000000000002,2.2123042708925804,0.090102045247028
3.765,[2.26535308],3.765,2.2123042708925804,0.09010204524693037
3.77,[2.26535308],3.77,2.2123042708925804,0.09010204524682827
3.775,[2.26535308],3.775,2.2123042708925804,0.09010204524672615
3.7800000000000002,[2.26535308],3.7800000000000002,2.2123042708925804,0.09010204524662399
3.785,[2.26535308],3.785,2.2123042708925804,0.09010204524652404
3.79,[2.26535308],3.79,2.2123042708925804,0.09010204524642412
3.795,[2.26535308],3.795,2.2123042708925804,0.09010204524632641
3.8000000000000003,[2.26535308],3.8000000000000003,2.2123042708925804,0.09010204524623311
3.805,[2.26535308],3.805,2.2123042708925804,0.09010204524614425
3.81,[2.26535308],3.81,2.2123042708925804,0.09010204524606202
3.815,[2.26535308],3.815,2.2123042708925804,0.09010204524598427
3.8200000000000003,[2.26535308],3.8200000000000003,2.2123042708925804,0.09010204524591313
3.825,[2.26535308],3.825,2.2123042708925804,0.09010204524584647
3.83,[2.26535308],3.83,2.2123042708925804,0.09010204524578426
3.835,[2.26535308],3.835,2.2123042708925804,0.09010204524572649
3.84,[2.26535308],3.84,2.2123042708925804,0.09010204524567755
3.845,[2.26535308],3.845,2.2123042708925804,0.09010204524563309
3.85,[2.26535308],3.85,2.2123042708925804,0.09010204524559308
3.855,[2.26535308],3.855,2.2123042708925804,0.09010204524555972
3.86,[2.26535308],3.86,2.2123042708925804,0.0901020452455308
3.865,[2.26535308],3.865,2.2123042708925804,0.09010204524550633
3.87,[2.26535308],3.87,2.2123042708925804,0.09010204524548629
3.875,[2.26535308],3.875,2.2123042708925804,0.09010204524547291
3.88,[2.26535308],3.88,2.2123042708925804,0.09010204524546178
3.8850000000000002,[2.26535308],3.8850000000000002,2.2123042708925804,0.09010204524545068
3.89,[2.26535308],3.89,2.2123042708925804,0.09010204524544177
3.895,[2.26535308],3.895,2.2123042708925804,0.0901020452454329
3.9,[2.26535308],3.9,2.2123042708925804,0.0901020452454284
3.9050000000000002,[2.26535308],3.9050000000000002,2.2123042708925804,0.09010204524542617
3.91,[2.26535308],3.91,2.2123042708925804,0.09010204524542614
3.915,[2.26535308],3.915,2.2123042708925804,0.09010204524542834
3.92,[2.26535308],3.92,2.2123042708925804,0.09010204524543276
3.9250000000000003,[2.26535308],3.9250000000000003,2.2123042708925804,0.0901020452454394
3.93,[2.26535308],3.93,2.2123042708925804,0.09010204524544387
3.935,[2.26535308],3.935,2.2123042708925804,0.0901020452454461
3.94,[2.26535308],3.94,2.2123042708925804,0.09010204524544833
3.9450000000000003,[2.26535308],3.9450000000000003,2.2123042708925804,0.09010204524545054
3.95,[2.26535308],3.95,2.2123042708925804,0.09010204524545497
3.955,[2.26535308],3.955,2.2123042708925804,0.09010204524545941
3.96,[2.26535308],3.96,2.2123042708925804,0.09010204524546604
3.9650000000000003,[2.26535308],3.9650000000000003,2.2123042708925804,0.09010204524547051
3.97,[2.26535308],3.97,2.2123042708925804,0.09010204524547274
3.975,[2.26535308],3.975,2.2123042708925804,0.09010204524547497
3.98,[2.26535308],3.98,2.2123042708925804,0.09010204524547719
3.985,[2.26535308],3.985,2.2123042708925804,0.0901020452454794
3.99,[2.26535308],3.99,2.2123042708925804,0.09010204524548164
3.995,[2.26535308],3.995,2.2123042708925804,0.09010204524548604
4.0,[2.26535308],4.0,2.2123042708925804,0.09010204524549048
4.005,[2.26535308],4.005,2.2123042708925804,0.09010204524549274
4.01,[2.26535308],4.01,2.2123042708925804,0.09010204524549495
4.015,[2.26535308],4.015,2.2123042708925804,0.09010204524549498
4.0200000000000005,[2.26535308],4.0200000000000005,2.2123042708925804,0.09010204524549498
4.025,[2.26535308],4.025,2.2123042708925804,0.09010204524549498
4.03,[2.26535308],4.03,2.2123042708925804,0.09010204524549498
4.035,[2.26535308],4.035,2.2123042708925804,0.09010204524549498
4.04,[2.26535308],4.04,2.2123042708925804,0.09010204524549498
4.045,[2.26535308],4.045,2.2123042708925804,0.09010204524549498
4.05,[2.26535308],4.05,2.2123042708925804,0.09010204524549498
4.055,[2.26535308],4.055,2.2123042708925804,0.09010204524549498
4.0600000000000005,[2.26535308],4.0600000000000005,2.2123042708925804,0.09010204524549498
4.065,[2.26535308],4.065,2.2123042708925804,0.09010204524549498
4.07,[2.26535308],4.07,2.212499669609317,0.08913482159764839
4.075,[2.26535308],4.075,2.2123042708925804,0.09009237300901651
4.08,[2.26535308],4.08,2.2123042708925804,0.0901019485231302
4.085,[2.26535308],4.085,2.2123042708925804,0.09010204427827133
4.09,[2.26535308],4.09,2.2123042708925804,0.09010204523582274
4.095,[2.26535308],4.095,2.2123042708925804,0.09010204524539825
4.1,[2.26535308],4.1,2.2123042708925804,0.090102045245494
4.105,[2.26535308],4.105,2.2123042708925804,0.09010204524549496
4.11,[2.26535308],4.11,2.2123042708925804,0.09010204524549498
4.115,[2.26535308],4.115,2.2123042708925804,0.09010204524549498
4.12,[2.26535308],4.12,2.2123042708925804,0.09010204524549498
4.125,[2.26535308],4.125,2.2123042708925804,0.09010204524549498
4.13,[2.26535308],4.13,2.2123042708925804,0.09010204524549498
4.135,[2.26535308],4.135,2.2123042708925804,0.09010204524549498
4.14,[2.26535308],4.14,2.2123042708925804,0.09010204524549498
4.1450000000000005,[2.26535308],4.1450000000000005,2.212499669609317,0.08913482159764839
4.15,[2.26535308],4.15,2.2123042708925804,0.09009237300901651
4.155,[2.26535308],4.155,2.2123042708925804,0.0901019485231302
4.16,[2.26535308],4.16,2.2123042708925804,0.09010204427827133
4.165,[2.26535308],4.165,2.2123042708925804,0.09010204523582274
4.17,[2.26535308],4.17,2.2123042708925804,0.09010204524539825
4.175,[2.26535308],4.175,2.2123042708925804,0.090102045245494
4.18,[2.26535308],4.18,2.2123042708925804,0.09010204524549496
4.1850000000000005,[2.26535308],4.1850000000000005,2.2123042708925804,0.09010204524549498
4.19,[2.26535308],4.19,2.2123042708925804,0.09010204524549498
4.195,[2.26535308],4.195,2.2123042708925804,0.09010204524549498
4.2,[2.26535308],4.2,2.2123042708925804,0.09010204524549498
4.205,[2.26535308],4.205,2.2123042708925804,0.09010204524549498
4.21,[2.26535308],4.21,2.212499669609317,0.08913482159764839
4.215,[2.26535308],4.215,2.212499669609317,0.08912514936116993
4.22,[2.26535308],4.22,2.212499669609317,0.08912505263880514
4.225,[2.26535308],4.225,2.212499669609317,0.0891250516715815
4.23,[2.26535308],4.23,2.212499669609317,0.08912505166190926
4.235,[2.26535308],4.235,2.212499669609317,0.08912505166181253
4.24,[2.26535308],4.24,2.212695068326054,0.08815782801396498
4.245,[2.26535308],4.245,2.212695068326054,0.08798482010558917
4.25,[2.26535308],4.25,2.212695068326054,0.08790142219055674
4.255,[2.26535308],4.255,2.2128904670427905,0.08689253064558548
4.26,[2.26535308],4.26,2.2128904670427905,0.08686202477114859
4.265,[2.26535308],4.265,2.213085865759527,0.08588428758506406
4.2700000000000005,[2.26535308],4.2700000000000005,2.213085865759527,0.08570607030155909
4.275,[2.26535308],4.275,2.213281264476264,0.08465284452505539
4.28,[2.26535308],4.28,2.213281264476264,0.08443686661748195
4.285,[2.26535308],4.285,2.2134766631930005,0.08336476036565545
4.29,[2.26535308],4.29,2.2134766631930005,0.08330267789068511
4.295,[2.26535308],4.295,2.213672061909737,0.08230915271186277
4.3,[2.26535308],4.3,2.213672061909737,0.08228637710696153
4.305,[2.26535308],4.305,2.213867460626474,0.08131250552650943
4.3100000000000005,[2.26535308],4.3100000000000005,2.213867460626474,0.08129955672242664
4.315,[2.26535308],4.315,2.2140628593432106,0.08016726287050276
4.32,[2.26535308],4.32,2.2142582580599472,0.07910624592611867
4.325,[2.26535308],4.325,2.2142582580599472,0.07905440057766575
4.33,[2.26535308],4.33,2.2144536567766835,0.07806604088683226
4.335,[2.26535308],4.335,2.2146490554934206,0.07707862484732286
4.34,[2.26535308],4.34,2.2146490554934206,0.07706359628955162
4.345,[2.26535308],4.345,2.215039852926894,0.07496308583769534
4.3500000000000005,[2.26535308],4.3500000000000005,2.215039852926894,0.07485912429788406
4.355,[2.26535308],4.355,2.215039852926894,0.07481660646483962
4.36,[2.26535308],4.36,2.2154306503603673,0.07286099488199282
4.365,[2.26535308],4.365,2.2156260490771036,0.07186384556390837
4.37,[2.26535308],4.37,2.2158214477938407,0.07088146564567298
4.375,[2.26535308],4.375,2.2158214477938407,0.07070571378599037
4.38,[2.26535308],4.38,2.2160168465105774,0.06965376858929685
4.385,[2.26535308],4.385,2.2162122452273136,0.06863454347436045
4.39,[2.26535308],4.39,2.2164076439440503,0.06763638656780199
4.3950000000000005,[2.26535308],4.3950000000000005,2.216603042660787,0.06664881084710852
4.4,[2.26535308],4.4,2.216603042660787,0.06663374983801099
4.405,[2.26535308],4.405,2.216798441377524,0.06566378295412591
4.41,[2.26535308],4.41,2.217189238810997,0.06371833967662344
4.415,[2.26535308],4.415,2.217189238810997,0.06369823708736208
4.42,[2.26535308],4.42,2.2173846375277337,0.06273048833537972
4.425,[2.26535308],4.425,2.2175800362444704,0.06175342516089174
4.43,[2.26535308],4.43,2.217775434961207,0.06077634986173948
4.4350000000000005,[2.26535308],4.4350000000000005,2.217970833677944,0.059799314951121
4.44,[2.26535308],4.44,2.217970833677944,0.05978952434712461
4.445,[2.26535308],4.445,2.218166232394681,0.058822192665790744
4.45,[2.26535308],4.45,2.218361631111417,0.057845290637410486
4.455,[2.26535308],4.455,2.218557029828154,0.05686829543741881
4.46,[2.26535308],4.46,2.218947827261627,0.0549240769237951
4.465,[2.26535308],4.465,2.219143225978364,0.053937410457846946
4.47,[2.26535308],4.47,2.219143225978364,0.05392754347670483
4.4750000000000005,[2.26535308],4.4750000000000005,2.2193386246951006,0.052960221000805476
4.48,[2.26535308],4.48,2.2195340234118373,0.05198332404907925
4.485,[2.26535308],4.485,2.2195340234118373,0.05197355504000164
4.49,[2.26535308],4.49,2.219729422128574,0.051006233682284116
4.495,[2.26535308],4.495,2.21992482084531,0.05019267248286982
4.5,[2.26535308],4.5,2.21992482084531,0.05026620470187933
4.505,[2.26535308],4.505,2.2201202195620473,0.04934055029172245
4.51,[2.26535308],4.51,2.2201202195620473,0.049351710705371754
4.515,[2.26535308],4.515,2.220315618278784,0.04839480714053716
4.5200000000000005,[2.26535308],4.5200000000000005,2.2205110169955207,0.04742311869647996
4.525,[2.26535308],4.525,2.2205110169955207,0.04741595393175824
4.53,[2.26535308],4.53,2.2207064157122574,0.04644993469612386
4.535,[2.26535308],4.535,2.2207064157122574,0.04644091253369723
4.54,[2.26535308],4.54,2.2207064157122574,0.04660447699893516
4.545,[2.26535308],4.545,2.2207064157122574,0.04668793998701868
4.55,[2.26535308],4.55,2.220901814428994,0.04576246464076849
4.555,[2.26535308],4.555,2.2210972131457307,0.04480644307531714
4.5600000000000005,[2.26535308],4.5600000000000005,2.2210972131457307,0.04480711127759154
4.565,[2.26535308],4.565,2.2212926118624674,0.04400834419262949
4.57,[2.26535308],4.57,2.2212926118624674,0.044084581462210774
4.575,[2.26535308],4.575,2.221488010579204,0.04316023265727543
4.58,[2.26535308],4.58,2.221488010579204,0.04317204540433379
4.585,[2.26535308],4.585,2.2216834092959403,0.04221546800151388
4.59,[2.26535308],4.59,2.2216834092959403,0.04221116628626261
4.595,[2.26535308],4.595,2.2218788080126775,0.041246531650649766
4.6000000000000005,[2.26535308],4.6000000000000005,2.2218788080126775,0.04123820131898786
4.605,[2.26535308],4.605,2.222074206729414,0.04027155237517178
4.61,[2.26535308],4.61,2.222074206729414,0.040262214889407184
4.615,[2.26535308],4.615,2.222269605446151,0.0391317266966424
4.62,[2.26535308],4.62,2.222269605446151,0.039038836229684466
4.625,[2.26535308],4.625,2.2224650041628875,0.038029890884653146
4.63,[2.26535308],4.63,2.222660402879624,0.037032181387098705
4.635,[2.26535308],4.635,2.2228558015963604,0.036044782446149976
4.64,[2.26535308],4.64,2.2228558015963604,0.0360298093576761
4.6450000000000005,[2.26535308],4.6450000000000005,2.223051200313097,0.035059886429412594
4.65,[2.26535308],4.65,2.223246599029834,0.03408168877751726
4.655,[2.26535308],4.655,2.223246599029834,0.03407126941361526
4.66,[2.26535308],4.66,2.223441997746571,0.032940287206538604
4.665,[2.26535308],4.665,2.2236373964633076,0.031879926553826814
4.67,[2.26535308],4.67,2.2236373964633076,0.03182840935590247
4.675,[2.26535308],4.675,2.2238327951800443,0.030840213740378035
4.68,[2.26535308],4.68,2.2240281938967805,0.02985287973852912
4.6850000000000005,[2.26535308],4.6850000000000005,2.224223592613517,0.02887066855173939
4.69,[2.26535308],4.69,2.224223592613517,0.028858289340409158
4.695,[2.26535308],4.695,2.2246143900469906,0.026922439702871528
4.7,[2.26535308],4.7,2.2246143900469906,0.026902441931630553
4.705,[2.26535308],4.705,2.2248097887637273,0.025934698668638807
4.71,[2.26535308],4.71,2.2248097887637273,0.025924861417292482
4.715,[2.26535308],4.715,2.2252005861972006,0.02399023583972765
4.72,[2.26535308],4.72,2.2253959849139373,0.023003625981426308
4.7250000000000005,[2.26535308],4.7250000000000005,2.225591383630674,0.02202651625765718
4.73,[2.26535308],4.73,2.225591383630674,0.022016735171749707
4.735,[2.26535308],4.735,2.2257867823474107,0.021049408718709174
4.74,[2.26535308],4.74,2.2257867823474107,0.021039732957011337
4.745,[2.26535308],4.745,2.2259821810641474,0.020072411302964024
4.75,[2.26535308],4.75,2.226177579780884,0.019095513814285127
4.755,[2.26535308],4.755,2.2263729784976207,0.018118520879405818
4.76,[2.26535308],4.76,2.2263729784976207,0.01810875079398407
4.765,[2.26535308],4.765,2.2265683772143574,0.017141429367246764
4.7700000000000005,[2.26535308],4.7700000000000005,2.2265683772143574,0.01713175611396118
4.775,[2.26535308],4.775,2.2265683772143574,0.01729499503381655
4.78,[2.26535308],4.78,2.226763775931094,0.01641107160136261
4.785,[2.26535308],4.785,2.226763775931094,0.01644306628013514
4.79,[2.26535308],4.79,2.2269591746478308,0.015496579535624779
4.795,[2.26535308],4.795,2.2269591746478308,0.01549732314645395
4.8,[2.26535308],4.8,2.2269591746478308,0.015665770493596725
4.805,[2.26535308],4.805,2.2271545733645675,0.014784451274738826
4.8100000000000005,[2.26535308],4.8100000000000005,2.2271545733645675,0.014817748060308849
4.815,[2.26535308],4.815,2.2271545733645675,0.014839136017043848
4.82,[2.26535308],4.82,2.2271545733645675,0.015013213062948208
4.825,[2.26535308],4.825,2.227349972081304,0.014134661768729148
4.83,[2.26535308],4.83,2.227349972081304,0.014169342047371237
4.835,[2.26535308],4.835,2.227349972081304,0.014191421745949772
