t_s,q_rad,q_des_rad,K,B,Kff,jerk,tau_Nm,reward
0.005307674407958984,0.0,0.8006819486618042,9.825212432529046,0.9781515540661307,1.9737818648793566,0.0,9.9,0.5
0.06309890747070312,0.0,0.8302189111709595,9.650424865058092,0.9563031081322615,1.9475637297587132,0.0,9.999,0.5
0.12915611267089844,0.0,0.861912727355957,9.475637297587138,0.9344546621983922,1.92134559463807,0.0,9.99999,0.5
0.19108986854553223,0.0,0.8923135995864868,9.300849730116184,0.9126062162645229,1.8951274595174268,0.0,9.9999999,0.5
0.25503015518188477,0.0,0.9204226732254028,9.12606216264523,0.8907577703306536,1.8689093243967834,0.0,9.999999999,0.5
0.31891775131225586,0.0,0.9427992105484009,8.951274595174274,0.8689093243967844,1.84269118927614,0.0,9.99999999999,0.5
0.3848145008087158,0.0,0.9617195129394531,8.77648702770332,0.847060878462915,1.8164730541554968,0.0,-9.8000000000001,0.5
0.44692158699035645,0.0,0.9750281572341919,8.601699460232366,0.8252124325290457,1.7902549190348536,0.0,-9.998000000000001,0.5
0.5116026401519775,0.0,0.9847055077552795,8.426911892761412,0.8033639865951765,1.7640367839142101,0.0,-9.99998,0.5
0.575324296951294,0.0,0.9921373724937439,8.252124325290458,0.7815155406613071,1.7378186487935667,0.0,-9.999999800000001,0.5
0.638911247253418,0.0,0.9978381395339966,8.077336757819502,0.7596670947274378,1.7116005136729235,0.0,-5.0499999980000005,0.5
0.7028534412384033,0.0,1.0078150033950806,7.902549190348549,0.7378186487935685,1.6853823785522803,0.0,-5.000499999980001,0.5
0.7676513195037842,0.0,1.0194685459136963,7.727761622877595,0.7159702028596993,1.659164243431637,0.0,-5.0000049999998,0.5
0.8320295810699463,0.0,1.0328810214996338,7.55297405540664,0.6941217569258299,1.6329461083109935,0.0,-5.000000049999998,0.5
0.8950443267822266,0.0,1.0489531755447388,7.378186487935686,0.6722733109919605,1.6067279731903503,0.0,-5.0000000005,0.5
0.9588572978973389,0.0,1.0698730945587158,7.203398920464732,0.6504248650580913,1.5805098380697071,0.0,-5.0000000000050004,0.5
1.0235364437103271,0.0,1.0917179584503174,7.028611352993777,0.6285764191242219,1.5542917029490637,0.0,-5.00000000000005,0.5
1.0878500938415527,0.0,1.1144741773605347,6.853823785522822,0.6067279731903527,1.5280735678284203,0.0,-5.000000000000001,0.5
1.150886058807373,0.0,1.143001675605774,6.679036218051868,0.5848795272564833,1.501855432707777,0.0,-5.0,0.5
1.2149145603179932,0.0,1.1760790348052979,6.504248650580913,0.563031081322614,1.475637297587134,0.0,4.9,0.5
1.280297040939331,0.0035171769012600643,1.2129517793655396,6.329461083109958,0.5411826353887447,1.4494191624664907,5.0,4.9990000000000006,0.4817320621239355
1.3428192138671875,0.028332813926817187,1.2484183311462402,6.154673515639004,0.5193341894548753,1.4232010273458477,5.0,4.99999,0.4817320621239355
1.4068796634674072,0.05373464710258431,1.3024166822433472,5.97988594816805,0.5,1.3969828922252046,5.0,4.999999900000001,0.4817320621239355
1.4708585739135742,0.0793318789950881,1.3628586530685425,5.805098380697095,0.5,1.3707647571045614,5.0,4.999999999,0.4817320621239355
1.5356056690216064,0.10473371217085524,1.4263681173324585,5.63031081322614,0.5,1.3445466219839184,5.0,4.99999999999,0.4817320621239355
1.6010637283325195,0.1313079376470424,1.504078984260559,5.455523245755186,0.5,1.3183284868632752,5.0,4.9999999999999005,0.4817320621239355
1.6628563404083252,0.15534197980565284,1.5681179761886597,5.280735678284231,0.5,1.292110351742632,2.351016004810067,4.999999999999999,0.49590237544011784
1.727522850036621,0.18113461041489332,1.632286787033081,5.105948110813277,0.5,1.2658922166219888,-0.8358575421610792,5.0,0.4994801891292196
1.7912921905517578,0.2061456461571871,1.6926857233047485,5.0,0.5,1.2396740815013456,-3.580395260375375,5.0,0.4905478436441653
1.8548567295074463,0.23193827676642756,1.749155879020691,5.0,0.5,1.2134559463807026,-5.0,5.0,0.4817320621239355
1.9188611507415771,0.2573401099421947,1.8205318450927734,5.0,0.5,1.1872378112600595,-5.0,5.0,0.4817320621239355
1.9832675457000732,0.2831327405514352,1.8938971757888794,5.0,0.5,1.1610196761394163,-5.0,5.0,0.4817320621239355
2.046736478805542,0.30833917501046565,1.9662190675735474,5.0,0.5,1.1348015410187733,-5.0,5.0,0.4817320621239355
2.112298011779785,0.33452260305317943,2.0455501079559326,5.0,0.5,1.10858340589813,-5.0,5.0,0.4817320621239355
2.1747488975524902,0.3595336387954733,2.1170194149017334,5.0,0.5,1.082365270777487,-5.0,5.0,0.4817320621239355
2.2394726276397705,0.3855216681214504,2.172163963317871,5.0,0.5,1.0561471356568437,-5.0,5.0,0.4817320621239355
2.3028461933135986,0.41053270386374413,2.208606481552124,5.0,0.5,1.0299290005362005,-5.0,5.0,0.4817320621239355
2.3679490089416504,0.43632533447298466,2.236351728439331,5.0,0.5,1.0037108654155575,-5.0,-4.9,0.4817320621239355
2.4307422637939453,0.45586520614665166,2.255948305130005,5.0,0.5,0.9774927302949143,-5.0,-4.9990000000000006,0.4817320621239355
2.4948103427886963,0.4314403665545679,2.27021861076355,5.0,0.5,0.9512745951742712,-5.0,-4.99999,0.4817320621239355
2.558764934539795,0.40603853337880075,2.2801764011383057,5.0,0.5,0.9250564600536281,-5.0,-4.999999900000001,0.4817320621239355
2.6227662563323975,0.3804413014862969,2.2884349822998047,5.0,0.5,0.898838324932985,-5.0,-4.999999999,0.4817320621239355
2.686950445175171,0.35503946831052985,2.2946994304656982,5.0,0.5,0.8726201898123418,-5.0,-4.99999999999,0.4817320621239355
2.75262188911438,0.3284652428343427,2.2994611263275146,5.0,0.5,0.8464020546916986,-5.0,-4.9999999999999005,0.4817320621239355
2.8147101402282715,0.3036496058087855,2.3029119968414307,5.0,0.5,0.8201839195710555,-3.6762180281848167,-4.999999999999999,0.49004027363421127
2.878819227218628,0.2782477726330184,2.3059680461883545,5.0,0.5,0.7939657844504124,0.6834521311568542,-5.0,0.49965240631496183
2.9427154064178467,0.25245514202377795,2.308717966079712,5.0,0.5,0.7677476493297692,4.908101171354559,-5.0,0.4823855492455906
3.006808042526245,0.22685791013127415,2.3106935024261475,5.0,0.5,0.741529514209126,5.0,-5.0,0.4817320621239355
3.071028709411621,0.20086988080529702,2.312472105026245,5.0,0.5,0.715311379088483,5.0,-5.0,0.4817320621239355
3.134814500808716,0.1754680476295299,2.3139395713806152,5.0,0.5,0.6890932439678399,5.0,-5.0,0.4817320621239355
3.1999404430389404,0.14967541702028941,2.3150808811187744,5.0,0.5,0.6628751088471967,5.0,-5.0,0.4817320621239355
3.2626867294311523,0.12446898256125893,2.3161332607269287,5.0,0.5,0.6366569737265535,5.0,-5.0,0.4817320621239355
3.329305648803711,0.09750395965159846,2.3170382976531982,5.0,0.5,0.6104388386059104,5.0,-5.0,0.4817320621239355
3.3907196521759033,0.07288372134277801,2.3178181648254395,5.0,0.5,0.5842207034852673,5.0,-5.0,0.4817320621239355
3.4560515880584717,0.0472864894502742,2.3184945583343506,5.0,0.5,0.5580025683646241,5.0,-5.0,0.4817320621239355
3.519477367401123,0.021493858841033726,2.319054365158081,5.0,0.5,0.531784433243981,5.0,-4.0570934646851455,0.4817320621239355
3.583361864089966,-0.003907974334733405,2.319612741470337,5.0,0.5,0.5055662981233379,5.0,-0.26551896854081075,0.4817320621239355
3.6469738483428955,-0.020907662690823715,2.3201346397399902,5.0,0.5,0.4793481630026947,5.0,2.68595849422747,0.4817320621239355
3.711960554122925,-0.026965022909660494,2.3206212520599365,5.0,0.5,0.4531300278820516,5.0,4.924482589150353,0.4817320621239355
3.7753210067749023,-0.0027355820343133836,2.3210549354553223,5.0,0.5,0.42691189276140845,5.0,6.4805523999246155,0.4817320621239355
3.8386693000793457,0.02286164985819042,2.3214988708496094,5.0,0.5,0.4006937576407653,5.0,7.6594734544570136,0.4817320621239355
3.90264892578125,0.04865428046743089,2.321927309036255,5.0,0.5,0.3744756225201221,5.0,8.525081082313305,0.4817320621239355
3.966663122177124,0.07386071492646136,2.322296380996704,5.0,0.5,0.3482574873994789,5.0,9.136731787118176,0.4817320621239355
4.032759428024292,0.10023954168591184,2.32277774810791,5.0,0.5,0.3220393522788358,5.0,9.58622341143009,0.4817320621239355
4.094812393188477,0.1254459761449423,2.323232650756836,5.0,0.5,0.2958212171581926,3.4109165405517095,9.907400980239125,0.49141395753274103
4.158855676651001,0.15084780932070943,2.323615312576294,5.0,0.5,0.2696030820375494,-0.4186330463575483,9.999074009802392,0.4998695581243403
4.222699880599976,0.17624964249647657,2.3240442276000977,5.0,0.5,0.24338494691690624,-4.513013067918851,9.999990740098024,0.4850661434578856
4.28762149810791,0.20223767182245372,2.3244874477386475,5.0,0.5,0.21716681179626307,-5.0,9.99999990740098,0.4817320621239355
4.351334095001221,0.22783490371495752,2.3248937129974365,5.0,0.5,0.19094867667561988,-5.0,9.99999999907401,0.4817320621239355
4.417005300521851,0.2538229330409346,2.3252885341644287,5.0,0.5,0.16473054155497668,-5.0,9.99999999999074,0.4817320621239355
4.478663921356201,0.2786385700664918,2.3256618976593018,5.0,0.5,0.13851240643433352,-5.0,5.0499999999999075,0.4817320621239355
4.543337821960449,0.3048219981092056,2.3260066509246826,5.0,0.5,0.11229427131369034,-5.0,5.000499999999999,0.4817320621239355
4.606618881225586,0.33002843256823605,2.326303720474243,5.0,0.5,0.08607613619304716,-5.0,5.000005,0.4817320621239355
4.670638799667358,0.3558210631774765,2.326605796813965,5.0,0.5,0.05985800107240398,-5.0,5.000000050000001,0.4817320621239355
4.734600305557251,0.38122289635324363,2.326894760131836,5.0,0.5,0.0336398659517608,-5.0,5.0000000005,0.4817320621239355
4.798612356185913,0.40701552696248405,2.3271734714508057,5.0,0.5,0.0074217308311176206,-5.0,5.0000000000050004,0.4817320621239355
4.862604379653931,0.43241736013825127,2.327481508255005,5.0,0.5,0.0,-5.0,5.00000000000005,0.4817320621239355
4.927701711654663,0.4584053894642284,2.3278205394744873,5.0,0.5,0.0,-5.0,5.000000000000001,0.4817320621239355
4.990645885467529,0.48380722263999554,2.3280746936798096,5.0,0.5,0.0,-5.0,5.0,0.4817320621239355
5.054563999176025,0.5094044545324993,2.32832670211792,5.0,0.5,0.0,-5.0,5.0,0.4817320621239355
5.119218587875366,0.5351970851417398,2.3285582065582275,5.0,0.5,0.0,-5.0,5.0,0.4817320621239355
5.1836583614349365,0.5607943170342435,2.328765392303467,5.0,0.5,0.0,-5.0,5.0,0.4817320621239355
5.2466161251068115,0.586000751493274,2.3289706707000732,5.0,0.5,0.0,-5.0,5.0,0.4817320621239355
5.311153888702393,0.6117933821025145,2.329205274581909,5.0,0.5,0.0,-5.0,5.0,0.4817320621239355
5.375116348266602,0.6373906139950184,2.3294522762298584,5.0,0.5,0.0,-5.0,5.0,0.4817320621239355
5.438858985900879,0.6631832446042588,2.329721689224243,5.0,0.5,0.0,-4.974539763600225,5.0,0.48191423328408195
5.502574682235718,0.6889758752134992,2.3299787044525146,5.0,0.5,0.0,-5.0,5.0,0.4817320621239355
5.567073106765747,0.7145731071060031,2.330277919769287,5.0,0.5,0.0,-5.0,5.0,0.4817320621239355
5.630537986755371,0.7403657377152436,2.3305187225341797,5.0,0.5,0.0,-4.386579201856831,5.0,0.4858794138856419
5.694552898406982,0.7657675708910107,2.3308112621307373,5.0,0.5,0.0,-3.907162850451106,5.0,0.48876420663628023
5.758544445037842,0.7917556002169878,2.331101894378662,5.0,0.5,0.0,-3.5150990834564406,5.0,0.49088632772285434
5.823780536651611,0.8175482308262284,2.3314173221588135,5.0,0.5,0.0,-3.183473775369766,5.0,0.4925124976171707
5.886559009552002,0.843145462718732,2.331674814224243,5.0,0.5,0.0,-2.8961167742834526,5.0,0.49379516766283943
5.95273756980896,0.8691334920447094,2.3319451808929443,5.0,0.5,0.0,-2.6428585969662244,5.0,0.4948275248923306
6.014586448669434,0.894144527787003,2.332200527191162,5.0,0.5,0.0,-2.1409466317506203,5.0,0.4965995424581975
6.079893589019775,0.9203279558297169,2.3324520587921143,5.0,0.5,0.0,-1.628640060641763,5.0,0.4980293945936589
6.142544984817505,0.9459251877222207,2.3326938152313232,5.0,0.5,0.0,-1.4668193538969219,6.902545257454014,0.49840094077645775
6.206506967544556,0.9713270208979877,2.3328959941864014,5.0,0.5,0.0,-1.4309991975120724,6.795135337274952,0.4984779686215487
6.270671844482422,0.9969242527904917,2.3330905437469482,5.0,0.5,0.0,-1.4253850576860319,6.666913791624338,0.49848986973730197
6.334504842758179,1.022716883399732,2.333247184753418,5.0,0.5,0.0,-1.689497680745394,6.536771495083587,0.4978796897882231
6.39911961555481,1.048118716575499,2.3347604274749756,5.0,0.5,0.0,-1.6939685912249312,6.455953973976163,0.4978684769897527
6.464244365692139,1.0744975433349495,2.3344576358795166,5.0,0.5,0.0,-1.5936577741679474,6.296504002417899,0.49811298221401507
6.526487112045288,1.0989223829270334,2.3345394134521484,5.0,0.5,0.0,-1.735580762473679,6.167266677903705,0.4977627069668338
6.590840101242065,1.1251058109697472,2.334658622741699,5.0,0.5,0.0,-1.6316723394998087,6.033030968554273,0.4980220643771064
6.655431270599365,1.1510938402957245,2.3347995281219482,5.0,0.5,0.0,-1.4487687343849305,5.901625511531243,0.4984399934542034
6.718478202819824,1.1763002747547546,2.3349497318267822,5.0,0.5,0.0,-1.257795140779793,5.7750674583138855,0.498823708003896
6.782795429229736,1.2020929053639953,2.3351118564605713,5.0,0.5,0.0,-1.0854144519764528,5.646430214592485,0.4991237721435926
6.846642971038818,1.2274947385397625,2.3352651596069336,5.0,0.5,0.0,-0.938748035968232,5.519548971668937,0.499344428761904
6.910461664199829,1.2528965717155296,2.335409641265869,5.0,0.5,0.0,-0.5409248987312336,5.392420545990284,0.49978223602802696
6.974456548690796,1.2788846010415067,2.3355696201324463,5.0,0.5,0.0,-0.40736295422752,5.263203990890741,0.499876486027056
7.03913140296936,1.3046772316507471,2.3357391357421875,5.0,0.5,0.0,-0.3793815277890096,5.13530736104344,0.4998928696540564
7.1024675369262695,1.3302744635432509,2.335914134979248,5.0,0.5,0.0,-0.11012256117858019,5.008377034785994,0.499990972752249
7.167503356933594,1.3558716954357548,2.336087942123413,5.0,0.5,0.0,-0.08904831923336058,4.881390376481563,0.4999940972340263
7.231640815734863,1.3814689273282585,2.3362410068511963,5.0,0.5,0.0,-0.15082508476908443,4.753661327920548,0.49998306650993546
7.294955253601074,1.4068707605040258,2.336360454559326,5.0,0.5,0.0,-0.5017707479232782,4.626029817445029,0.4998126145090756
7.359300374984741,1.432858789830003,2.3364641666412354,5.0,0.5,0.0,-0.5970895114575696,4.495289402325615,0.49973467980517233
7.424562692642212,1.4588468191559802,2.3365659713745117,5.0,0.5,0.0,-0.5848207741053499,4.364840534374397,0.49974546840859524
7.486918210983276,1.4846394497652204,2.3366715908050537,5.0,0.5,0.0,-0.8092604319539243,4.235931659139228,0.499512727858184
7.550419569015503,1.5094550867907774,2.3367867469787598,5.0,0.5,0.0,-1.0575655328826148,4.112451885858139,0.4991681218427373
7.614476442337036,1.5354431161167548,2.336941957473755,5.0,0.5,0.0,-0.7016098315545606,3.984402460697708,0.4996336983489447
7.678845405578613,1.5612357467259954,2.3371191024780273,5.0,0.5,0.0,-0.4863327768521567,3.8577241533320614,0.4998239657015229
7.742480516433716,1.586832978618499,2.337290048599243,5.0,0.5,0.0,-0.35142089343455285,3.731395336669154,0.49990807748292726
7.806464433670044,1.6124302105110029,2.3374712467193604,5.0,0.5,0.0,-0.2638028022987448,3.605187643824494,0.4999481984223726
7.870429992675781,1.6382228411202433,2.337646245956421,5.0,0.5,0.0,-0.204895115965877,3.477540291237063,0.49996874954709786
7.9345033168792725,1.6636246742960106,2.3378121852874756,5.0,0.5,0.0,0.11207246068748952,3.3512303880773597,0.49999065024071665
7.998414039611816,1.6896127036219875,2.3379709720611572,5.0,0.5,0.0,0.17452825325294075,3.22184755991615,0.49997732599112954
8.06242036819458,1.7152099355144914,2.338120222091675,5.0,0.5,0.0,0.41710867139420527,3.0939893227955246,0.4998705062320119
8.126461029052734,1.7411979648404683,2.3382930755615234,5.0,0.5,0.0,0.3905552757887478,2.9652450042044562,0.49988646693001365
8.1910560131073,1.7667951967329725,2.338458299636841,5.0,0.5,0.0,0.27769927401244104,2.838083719341404,0.4999425974436872
8.255253553390503,1.7927832260589496,2.339641571044922,5.0,0.5,0.0,0.15516408209842658,2.744235900084284,0.4999820782140857
8.318470001220703,1.81798966051798,2.3387866020202637,5.0,0.5,0.0,0.05093190843854854,2.5749807317042572,0.4999980689846057
8.382441997528076,1.8435868924104835,2.3388803005218506,5.0,0.5,0.0,-0.3042521229280398,2.44781922792275,0.4999310960715135
8.447416067123413,1.869379523019724,2.3388774394989014,5.0,0.5,0.0,-0.3930683013627141,2.316504232159723,0.4998850013422969
8.510374784469604,1.8945859574787545,2.338960886001587,5.0,0.5,0.0,-0.6505604973131377,2.191877006883073,0.49968504737298286
8.574390411376953,1.919987790654522,2.339153528213501,5.0,0.5,0.0,-0.6295977680265514,2.0697869264335074,0.499705011631777
8.638823747634888,1.9463666174139724,2.3393759727478027,5.0,0.5,0.0,-0.5154002981617642,1.9427196227223023,0.49980229842401236
8.7034432888031,1.9721592480232129,2.3396494388580322,5.0,0.5,0.0,-0.3866939575271613,1.8191760340257825,0.49988870052941226
8.766457080841064,1.9979518786324533,2.3399031162261963,5.0,0.5,0.0,0.002908721943726794,1.6936204262945185,0.4999999937716259
8.830475807189941,2.0233537118082205,2.3401567935943604,5.0,0.5,0.0,0.1264222490784188,1.5693758667499547,0.4999881046130706
8.895823001861572,2.0493417411341976,2.34039044380188,5.0,0.5,0.0,0.13927043201631983,1.4411132790350054,0.4999856055044953
8.959649562835693,2.0747435743099647,2.3422670364379883,5.0,0.5,0.0,0.11237197418050707,1.3721656380744367,0.4999912077929895
9.023780107498169,2.1003408062024684,2.341644048690796,5.0,0.5,0.0,0.07643734131415353,1.2021792735926562,0.5000044095403486
9.08639645576477,2.1251564432280254,2.33720326423645,5.0,0.5,0.0,-0.5085733271205963,0.918058844434479,0.4999318054116513
9.150768518447876,2.150753675120529,2.329987049102783,5.0,0.5,0.0,0.22706022631309541,0.6211544997581496,0.5015822850655332
9.214337825775146,2.17596010957956,2.320054769515991,5.0,0.5,0.0,0.1412926826056242,0.438732428689664,0.5157077692700068
9.278353929519653,2.201948138905537,2.3095147609710693,5.0,0.5,0.0,0.35771102608915345,0.3269292152659385,0.5987583255230056
9.342325687408447,2.227545370798041,2.2973310947418213,5.0,0.5,0.0,0.0739444883159549,0.08986545181969421,0.8775620951161828
9.406399011611938,2.2531426026905446,2.2805492877960205,5.0,0.5,0.0,-0.31785327290492693,-0.19746361667334134,1.3604388983022733
9.470347881317139,2.276004252548735,2.262317180633545,5.0,0.5,0.0,-4.5307183096705925,-0.4686708835385828,1.448176545848386
9.534392356872559,2.2881189729864087,2.2418105602264404,5.0,0.5,0.0,-5.0,-0.6964814707575656,1.1329611361337242
9.599188089370728,2.2842109986516754,2.2193338871002197,5.0,0.5,0.0,-5.0,-0.8498586378756748,0.9126627922965872
9.662320852279663,2.2627171398106416,2.195418357849121,5.0,0.5,0.0,-5.0,-0.914937806051185,0.8859402526375324
9.727015972137451,2.236924509201401,2.1744320392608643,5.0,0.5,0.0,-5.0,-0.901831074698701,0.9396516146265365
9.790323495864868,2.2113272773088974,2.1447877883911133,5.0,0.5,0.0,-5.0,-1.006598607397929,0.8942396340926908
9.854544878005981,2.18533924798292,2.121591567993164,5.0,0.5,0.0,-5.0,-0.99626338250912,0.9253669671387053
9.918292999267578,2.160328212240626,2.0919408798217773,5.0,0.5,0.0,-4.0890765467636125,-1.0785525187659577,0.8801492831582217
9.983638286590576,2.134340182914649,2.0606913566589355,5.0,0.5,0.0,0.7421102302815186,-1.1613694273499868,0.8375494666286933
10.047310829162598,2.108938349738882,2.03460431098938,5.0,0.5,0.0,5.0,-1.1587665883753822,0.812906558423475
10.111397504806519,2.0833411178463783,2.012669801712036,5.0,0.5,0.0,5.0,-1.098912670640191,0.850021186642984
10.175086259841919,2.057548487237138,1.9985724687576294,5.0,0.5,0.0,5.0,-0.9414139154688747,0.9804901218090064
10.238366603851318,2.032342052778107,1.9867194890975952,5.0,0.5,0.0,5.0,-0.7844406625450486,1.1412252320266445
10.302322387695312,2.0067448208856034,1.9700850248336792,5.0,0.5,0.0,5.0,-0.718601427471711,1.2460372344802098
10.367264986038208,1.9805613928428896,1.9457532167434692,5.0,0.5,0.0,5.0,-0.7634293050399387,1.2665356298778394
10.43030595779419,1.9553549583838592,1.9213191270828247,5.0,0.5,0.0,5.0,-0.7992226165045763,1.27492597026504
10.494637727737427,1.9293669290578819,1.8937643766403198,5.0,0.5,0.0,5.0,-0.8626015832896954,1.2578053285726802
10.558266401290894,1.9037696971653784,1.8671432733535767,5.0,0.5,0.0,5.0,-0.8986623748074298,1.2464111820335657
10.62225604057312,1.8781724652728744,1.8438078165054321,5.0,0.5,0.0,5.0,-0.8797990732518278,1.2713659950294276
10.687700271606445,1.851793638513424,1.8176703453063965,5.0,0.5,0.0,5.0,-0.8977171922204731,1.2739808361596447
10.75047492980957,1.8265872040543936,1.7957621812820435,5.0,0.5,0.0,5.0,-0.8573626214540615,1.3086610905203795
10.814263105392456,1.800794573445153,1.7715895175933838,5.0,0.5,0.0,5.0,-0.8521840970721153,1.3249017443455453
10.878265619277954,1.7750019428359125,1.747191309928894,5.0,0.5,0.0,5.0,-0.8495163578276083,1.3384159729986937
10.943343877792358,1.7488185147931987,1.7244112491607666,5.0,0.5,0.0,5.0,-0.8211862028203729,1.3694129836829916
11.007814407348633,1.7228304854672214,1.7044286727905273,5.0,0.5,0.0,5.0,-0.7582833316616587,1.4162491730960367
11.07022213935852,1.697624051008191,1.6890331506729126,5.0,0.5,0.0,5.0,-0.6451913270718077,1.467079753709168
11.134945631027222,1.671636021682214,1.6782563924789429,5.0,0.5,0.0,5.0,-0.4829231051133013,1.473004508377727
11.198327779769897,1.6468203846566567,1.6761554479599,5.0,0.5,0.0,5.0,-0.23146272279896163,1.3236193064568262
11.262324810028076,1.6208323553306796,1.6814181804656982,5.0,0.5,0.0,5.0,0.08753820265280823,0.961655620349954
11.326244115829468,1.5954305221549125,1.6871896982192993,5.0,0.5,0.0,5.0,0.21722264271280473,0.6673714469522618
11.390244245529175,1.5780400363653488,1.6889382600784302,5.0,0.5,0.0,5.0,0.40365795325316317,0.5671940827831156
11.454431056976318,1.5725688722967222,1.682339072227478,5.0,0.5,0.0,5.0,0.3024341265368272,0.5715563962909495
11.518301963806152,1.5794078273825054,1.6685035228729248,5.0,0.5,0.0,5.0,0.25337283406996736,0.6861459269783508
11.582191944122314,1.594453528571229,1.6444157361984253,5.0,0.5,0.0,5.0,-0.10172940192115049,1.088721166405422
11.646510362625122,1.6132118053779496,1.6161930561065674,5.0,0.5,0.0,5.0,-0.4874126688988898,1.4799560698865108
11.710253477096558,1.625912721965833,1.5872434377670288,5.0,0.5,0.0,5.0,-0.8066781530537992,1.2232449712430613
11.774307250976562,1.622395545064573,1.5556012392044067,5.0,0.5,0.0,-5.0,-1.0462450688037195,0.8914460885914453
11.838196992874146,1.599924692639856,1.5281453132629395,5.0,0.5,0.0,-5.0,-1.1007051684491969,0.8385763143223284
11.902272939682007,1.5745228594640888,1.5014899969100952,5.0,0.5,0.0,-5.0,-1.11967286924143,0.8258537974094634
11.966455698013306,1.5487302288548483,1.4849238395690918,5.0,0.5,0.0,-5.0,-0.9935975065034144,0.9247030227423224
12.030606508255005,1.5229375982456077,1.471737027168274,5.0,0.5,0.0,-5.0,-0.8437432712352422,1.0737018403298908
12.094243288040161,1.4971449676363673,1.459649682044983,5.0,0.5,0.0,-5.0,-0.7044664649344454,1.2366250419796256
12.159479856491089,1.4709615395936537,1.4451390504837036,5.0,0.5,0.0,-5.0,-0.6180265807491819,1.3568818783237213
12.222163677215576,1.4457551051346231,1.4273091554641724,5.0,0.5,0.0,-4.418414207162328,-0.5911850650440406,1.41988987844667
12.286141395568848,1.4207440693923294,1.4013686180114746,5.0,0.5,0.0,-2.702342952574023,-0.6751409638161114,1.4222611063034294
12.350413799285889,1.3943652426328788,1.367466688156128,5.0,0.5,0.0,-0.9145928022429424,-0.839870240369599,1.3646539720427264
12.414956331253052,1.3687680107403752,1.3259402513504028,5.0,0.5,0.0,0.8435788972600385,-1.0769756215356654,1.1923886973080688
12.479710102081299,1.3425845826976612,1.2821065187454224,5.0,0.5,0.0,2.2480507659237063,-1.2969091138996978,0.9774295249172968
12.542174816131592,1.3177689456721042,1.2262167930603027,5.0,0.5,0.0,3.2448050248198923,-1.6514842169814838,0.679277233099483
12.60615086555481,1.291780916346127,1.180125117301941,5.0,0.5,0.0,3.881953243882833,-1.8062360781459426,0.5715353765559438
12.671261310577393,1.2659882857368865,1.1207265853881836,5.0,0.5,0.0,4.51170507724968,-2.128925920766335,0.49977048613852004
12.734124422073364,1.2405864525611194,1.0663076639175415,5.0,0.5,0.0,4.68924360547692,-2.3397663072120904,0.48619692645280393
12.798224210739136,1.2153800181020888,1.0206693410873413,5.0,0.5,0.0,4.907204565498995,-2.409601380594261,0.4829011816765777
12.862770795822144,1.1893919887761117,0.9702774882316589,5.0,0.5,0.0,4.48580579201149,-2.5500115589684773,0.4853105639239921
12.926161289215088,1.163794756883608,0.9094586968421936,5.0,0.5,0.0,4.1608076414710355,-2.831908709787172,0.487279770781236
12.990992546081543,1.137806727557631,0.8461142778396606,5.0,0.5,0.0,3.8786704484245695,-3.1164492210798076,0.48892569879169506
13.05520486831665,1.1118186982316538,0.7857385873794556,5.0,0.5,0.0,3.893434864667655,-3.330870883891417,0.4888421373452829
13.118281126022339,1.08680766248936,0.725951611995697,5.0,0.5,0.0,3.6782367819610275,-3.528852554582262,0.4900294419177129
13.182085514068604,1.060624234446646,0.6726487278938293,5.0,0.5,0.0,3.109701209244679,-3.6238412475676274,0.4928530380819495
13.246132850646973,1.0354177999876155,0.6165961027145386,5.0,0.5,0.0,2.774134668729019,-3.7731237770517234,0.4943039190169179
13.310396909713745,1.0092343719449017,0.5607191324234009,5.0,0.5,0.0,2.26801382357656,-3.9169459043509045,0.4961855127382434
13.374463558197021,0.9834417413356613,0.5037742853164673,5.0,0.5,0.0,2.0519596467057926,-4.078854934000012,0.49687547648773905
13.439053297042847,0.9572583132929476,0.4462073743343353,5.0,0.5,0.0,1.945733714866646,-4.245757073059186,0.4971897165533232
13.502115964889526,0.9326380749841271,0.391152560710907,5.0,0.5,0.0,1.8717066003987413,-4.382651362232717,0.49739894139512275
13.56612515449524,0.9062592482246766,0.3466931879520416,5.0,0.5,0.0,1.7996521776685004,-4.368316784547685,0.49759487752384834
13.63010048866272,0.881052813765646,0.306856244802475,5.0,0.5,0.0,1.9963658355430884,-4.32581038778541,0.4970419935979073
13.694065809249878,0.855064784439669,0.2769629955291748,5.0,0.5,0.0,1.942252470671158,-4.175760779591856,0.4971997355073959
13.758113622665405,0.8296629512639019,0.2487541288137436,5.0,0.5,0.0,2.07038567383117,-4.054917071436212,0.4968192894996523
13.82408094406128,0.8026979283542414,0.2277582287788391,5.0,0.5,0.0,1.9319739755323981,-3.8666167278415484,0.4972292133007464
13.88606333732605,0.7782730887621575,0.21214821934700012,5.0,0.5,0.0,1.710849353934264,-3.6628254082944127,0.49782587609904294
13.950489521026611,0.751894262002707,0.1986977756023407,5.0,0.5,0.0,1.4845746568901612,-3.4667551852571123,0.49836205830491553
14.01409363746643,0.7264924288269399,0.18816332519054413,5.0,0.5,0.0,1.2818189321081954,-3.274192343569617,0.49877840016942404
14.078166484832764,0.7005043995009628,0.17988723516464233,5.0,0.5,0.0,1.1097780769178884,-3.082563946017905,0.499084030835604
14.142128705978394,0.6749071676084589,0.17373846471309662,5.0,0.5,0.0,0.9669978352992428,-2.8940029606733497,0.49930440666586584
14.206039428710938,0.6491145369992186,0.1682552993297577,5.0,0.5,0.0,0.8491637831345706,-2.7223924191739846,0.49946351633170966
14.270513772964478,0.6235173051067148,0.16337548196315765,5.0,0.5,0.0,0.47552254880906786,-2.564271343421176,0.4998317032203365
14.335747957229614,0.597333877064001,0.15983442962169647,5.0,0.5,0.0,0.08479696576404727,-2.4009501375285915,0.499994647397709
14.398473978042603,0.5723228413217071,0.15652945637702942,5.0,0.5,0.0,0.037828879299331375,-2.2550190757750848,0.49999893474602636
14.46207308769226,0.54633481199573,0.15382659435272217,5.0,0.5,0.0,0.1100206966101101,-2.2028248395300016,0.49999098944502096
14.526017427444458,0.5211283775366995,0.15123097598552704,5.0,0.5,0.0,0.2055453092883224,-2.1065483590252083,0.49996855090594594
14.590046644210815,0.4951403482107224,0.14891259372234344,5.0,0.5,0.0,0.28796686195451443,-1.9809073157783603,0.49993827449921213
14.65402340888977,0.4697385150349553,0.14679674804210663,5.0,0.5,0.0,0.6230918916253623,-1.8472177903115323,0.4997110757113132
14.718055248260498,0.4443366818591881,0.14480409026145935,5.0,0.5,0.0,0.692398222876157,-1.7107302388864354,0.4996432664347422
14.782142877578735,0.4185440512499477,0.14318889379501343,5.0,0.5,0.0,0.6546339516235002,-1.5659875292720353,0.49968135177269124
14.846132516860962,0.39314221807418054,0.14122675359249115,5.0,0.5,0.0,0.5817125504833011,-1.437184488130623,0.4997512408945292
14.910025358200073,0.36734958746494006,0.1394972801208496,5.0,0.5,0.0,0.7803834288089047,-1.3033342841161282,0.49957781069402507
14.974013566970825,0.3417523555724363,0.13786254823207855,5.0,0.5,0.0,0.743356593416112,-1.1712318114258051,0.4998338392356569
15.038199186325073,0.31537352881298575,0.13632971048355103,5.0,0.5,0.0,0.6285499138097133,-1.035589325427636,0.501348817736642
15.102039098739624,0.29036249307069195,0.13492202758789062,5.0,0.5,0.0,0.5029687945259591,-0.906054781459731,0.5077795123982722
15.166061639785767,0.26417906502797817,0.13374581933021545,5.0,0.5,0.0,0.391743092795755,-0.7667893558636162,0.5331735087561105
15.230050086975098,0.2391680292856844,0.13251526653766632,5.0,0.5,0.0,0.025533442054227196,-0.6388102785262971,0.6028002924303881
15.29401421546936,0.21298460124297056,0.13157561421394348,5.0,0.5,0.0,-0.353507607932544,-0.49824354723084285,0.7655811558791992
15.359771251678467,0.1866057744835201,0.13061285018920898,5.0,0.5,0.0,-0.3843821180050631,-0.3614849202956524,1.0340598265816558
15.423639059066772,0.16061774515754293,0.1296786516904831,5.0,0.5,0.0,-0.2926682598953307,-0.22856319575717807,1.325700869952017
15.486380100250244,0.13619290556545915,0.12874116003513336,5.0,0.5,0.0,-0.1753945611530182,-0.10575537558999627,1.4889328387075502
15.549987077713013,0.11020487623948202,0.12786386907100677,5.0,0.5,0.0,-0.07006786175414803,0.025145736164289126,1.439533413669019
15.613951206207275,0.08656163151434493,0.12691634893417358,5.0,0.5,0.0,3.324700961455448,0.13889885364082535,1.2138602994691796
15.678274869918823,0.07014813930846461,0.12598967552185059,5.0,0.5,0.0,5.0,0.2128017613151582,1.0177136693728703
15.742987871170044,0.06330918422268116,0.12510879337787628,5.0,0.5,0.0,5.0,0.23575731533454825,0.947606867777576
15.808172702789307,0.06487237395657452,0.12427395582199097,5.0,0.5,0.0,5.0,0.21655562647406243,0.9754901484050256
15.871693849563599,0.07288372134277801,0.12348578870296478,5.0,0.5,0.0,5.0,0.1663409340554936,1.0809596274884168
15.934924125671387,0.08538923921392488,0.12279365956783295,5.0,0.5,0.0,5.0,0.09733765593220965,1.2376532686528896
15.997979640960693,0.10023954168591184,0.12206165492534637,5.0,0.5,0.0,5.0,0.016003600330706524,1.3908859320835139
16.061976432800293,0.11528524287463544,0.12138210237026215,5.0,0.5,0.0,5.0,-0.06240778019258901,1.4743252893264729
16.127371072769165,0.1281815581792557,0.12057386338710785,5.0,0.5,0.0,-0.07396868666779355,-0.13210243852813822,1.488487260355579
16.1899733543396,0.1346297158315658,0.11988188326358795,5.0,0.5,0.0,-5.0,-0.1615533963801265,1.4391648909113206
16.253955602645874,0.13443431711482912,0.11916033923625946,5.0,0.5,0.0,-5.0,-0.15674139278528854,1.4361449734789873
16.318220615386963,0.12915855176293903,0.11849384009838104,5.0,0.5,0.0,-5.0,-0.12475185342574328,1.4592416144423308
16.38193988800049,0.11997481207631551,0.11793091893196106,5.0,0.5,0.0,-5.0,-0.07108193450294881,1.4808969112196322
16.445929050445557,0.10922788265579866,0.11737114191055298,5.0,0.5,0.0,-5.0,-0.012217900256377172,1.4685570877572576
16.50995111465454,0.09828555451854513,0.11684776842594147,5.0,0.5,0.0,-5.0,0.045616732777255184,1.4151416654010247
16.573917388916016,0.08929721354865831,0.11634199321269989,5.0,0.5,0.0,-5.0,0.09093728817253492,1.3456443608663757
16.637914419174194,0.08480304306371489,0.11584272980690002,5.0,0.5,0.0,0.08357697690145427,0.11005342325845478,1.3247303988544186
16.70195698738098,0.08499844178045156,0.11536520719528198,5.0,0.5,0.0,5.0,0.10417747593289503,1.313311800142737
16.767659425735474,0.08832021996497495,0.11490499973297119,5.0,0.5,0.0,5.0,0.08284672467813535,1.3499173662738586
16.83190131187439,0.09340058660012837,0.11448797583580017,5.0,0.5,0.0,5.0,0.05411573840474647,1.3966365564360315
16.89391326904297,0.09984874425243849,0.11404326558113098,5.0,0.5,0.0,5.0,0.01793185469263682,1.4422362975765348
16.958934783935547,0.10668769933822195,0.11362849175930023,5.0,0.5,0.0,5.0,-0.01813313716614517,1.472143409365458
17.023097038269043,0.11215886340684872,0.11314187943935394,5.0,0.5,0.0,1.9223670273882865,-0.04895457828972582,1.497063379879658
17.08715534210205,0.11391745185747876,0.11270216107368469,5.0,0.5,0.0,-5.0,-0.05675462153740975,1.4814367194083495
17.150782585144043,0.11294045827379541,0.11232075095176697,5.0,0.5,0.0,-5.0,-0.04849425764377175,1.4816552576405557
17.21388602256775,0.11000947752274534,0.1119222640991211,5.0,0.5,0.0,-5.0,-0.03182154983522433,1.4810005792906864
17.278047561645508,0.10610150318801194,0.11152523756027222,5.0,0.5,0.0,-5.0,-0.011287274015069905,1.4758659563979628
17.342999935150146,0.10199813013654188,0.11111579835414886,5.0,0.5,0.0,-5.0,0.008628524900280097,1.4652431426983779
17.40589928627014,0.09867635195201847,0.11072966456413269,5.0,0.5,0.0,-5.0,0.024225597989104255,1.4530936732374824
17.47091007232666,0.09769935836833513,0.1102706789970398,5.0,0.5,0.0,-1.2418477636648757,0.02383577222293593,1.467739991725988
17.53387951850891,0.09789475708507178,0.10987254977226257,5.0,0.5,0.0,1.4469788538267732,0.020104842924273773,1.4701580855052563
17.59858202934265,0.09828555451854513,0.10943959653377533,5.0,0.5,0.0,2.159088379766768,0.014566398679580128,1.4719663577172857
17.663057804107666,0.09887175066875514,0.10901118814945221,5.0,0.5,0.0,2.0734851317413328,0.008660045847045484,1.4764581000904826
17.72590184211731,0.09945794681896515,0.10858966410160065,5.0,0.5,0.0,1.4463628063642797,0.0033514418531770326,1.4819058124239861
17.78988814353943,0.09945794681896515,0.1082189530134201,5.0,0.5,0.0,0.4706298665465933,0.0029749118620504304,1.4846013288485256
17.853877305984497,0.09945794681896515,0.1078399121761322,5.0,0.5,0.0,-0.43761399095417186,0.00205107349205361,1.485904255608197
17.918672561645508,0.09945794681896515,0.10749661922454834,5.0,0.5,0.0,-0.8702703034536142,0.0020367737072068204,1.4865956369150126
17.984135389328003,0.09945794681896515,0.10718044638633728,5.0,0.5,0.0,-1.0571394834462906,0.002443621869834932,1.487312240966705
18.045851945877075,0.09945794681896515,0.1068713515996933,5.0,0.5,0.0,-1.1166743887718256,0.002500832835589325,1.4881410962228472
18.109882354736328,0.09945794681896515,0.10656973719596863,5.0,0.5,0.0,-1.1104959329774298,0.0023344821718080866,1.4890183238064147
18.173847436904907,0.0996533455357018,0.10622916370630264,5.0,0.5,0.0,-1.0710057303076201,-0.0005433709551208588,1.4905358734577738
18.238717079162598,0.09945794681896515,0.10588659346103668,5.0,0.5,0.0,-1.015440214887499,-0.0015166268778563194,1.4910015892400377
18.303698301315308,0.09945794681896515,0.10555674135684967,5.0,0.5,0.0,-0.9530706141129539,-0.0029354255952516654,1.4919128278963407
18.365835428237915,0.09945794681896515,0.1052609533071518,5.0,0.5,0.0,-0.888923474632089,-0.0032518208036313935,1.4926997840325296
18.429866075515747,0.09945794681896515,0.10492410510778427,5.0,0.5,0.0,-0.8257248424935706,-0.005321236599970167,1.493534751375388
18.49384307861328,0.0996533455357018,0.10463748872280121,5.0,0.5,0.0,-0.7649306717156814,-0.006523981099715336,1.494608611922751
18.55800151824951,0.09945794681896515,0.10433174669742584,5.0,0.5,0.0,-0.7072824618831276,-0.006804144513037951,1.49488823547921
18.621795654296875,0.09945794681896515,0.10406084358692169,5.0,0.5,0.0,-0.6531130218005585,-0.006923975528104441,1.4954542049206667
18.686405897140503,0.09945794681896515,0.10375183820724487,5.0,0.5,0.0,-0.6025185829315655,-0.008723712440109001,1.4960491241311302
18.751159191131592,0.09945794681896515,0.10347501933574677,5.0,0.5,0.0,-0.5554580148432742,-0.009349118810875138,1.4965482082138242
18.813770532608032,0.09906714938549181,0.10317952185869217,5.0,0.5,0.0,-0.7878497245837064,-0.00875951900270443,1.496161550800987
18.879103183746338,0.09809015580180845,0.10280376672744751,5.0,0.5,0.0,-1.8847315252753432,-0.00752183248838682,1.4929289433623578
18.942599296569824,0.0965269660679151,0.10245583951473236,5.0,0.5,0.0,-2.476878095461191,-0.0017362038006342216,1.4884482979104896
19.005834341049194,0.09476837761728506,0.1020250916481018,5.0,0.5,0.0,-2.488231176264649,0.0023024860738686554,1.4849356605083235
19.069767951965332,0.09437758018381173,0.10163989663124084,5.0,0.5,0.0,-0.34828437626837794,0.0009603448597006921,1.489416900511776
19.133876085281372,0.09437758018381173,0.10121233761310577,5.0,0.5,0.0,0.9778170671466118,-0.003562545593812098,1.4899894918308765
19.197885990142822,0.09437758018381173,0.10077761113643646,5.0,0.5,0.0,1.22609050733046,-0.007525018162714856,1.4907235799712677
19.261876106262207,0.09437758018381173,0.1003439649939537,5.0,0.5,0.0,1.065418290750983,-0.010854627601273118,1.4920614669489698
19.327866315841675,0.09398678275033838,0.09990817308425903,5.0,0.5,0.0,0.2387315549974418,-0.011660193269161187,1.4929695343783704
19.389808416366577,0.09281439044991838,0.09950508177280426,5.0,0.5,0.0,-1.2002828741543041,-0.0067573156425122655,1.4900155964257522
19.453745365142822,0.09105580199928834,0.0990716964006424,5.0,0.5,0.0,-1.9965739651942294,-0.00011828875499157169,1.484272686412183
19.51800298690796,0.08949261226539497,0.0986366868019104,5.0,0.5,0.0,-1.8585772271248695,0.00538209754980136,1.480851441377236
19.583685874938965,0.08910181483192163,0.09820552170276642,5.0,0.5,0.0,0.2325738964820876,0.0043319744312420826,1.4835208584320283
19.645714044570923,0.08929721354865831,0.09781443327665329,5.0,0.5,0.0,1.4483776932743186,0.0018187197141973019,1.4840369704395635
19.71061944961548,0.08910181483192163,0.09740182757377625,5.0,0.5,0.0,1.5818596777650313,0.0004922317942197028,1.4844572072409299
19.77393889427185,0.08910181483192163,0.09701088070869446,5.0,0.5,0.0,1.3224901455082394,-0.0009141865956817242,1.4862670202197419
19.839664936065674,0.08910181483192163,0.09663812816143036,5.0,0.5,0.0,0.9700327542414418,-0.0018267194690359718,1.4880051050867218
19.901796102523804,0.08910181483192163,0.0962839275598526,5.0,0.5,0.0,0.6429275836632167,-0.002364050447107053,1.4894288767368427
19.96573829650879,0.08910181483192163,0.09598660469055176,5.0,0.5,0.0,0.3784206795526169,-0.0012988054661218706,1.490458139447269
20.030997276306152,0.08910181483192163,0.09350989758968353,5.0,0.5,0.0,0.1797856808709734,-0.07474097458562709,1.4960972423347325
20.094735145568848,0.08910181483192163,0.1015889123082161,5.0,0.5,0.0,0.0379446573165161,0.22256517373550827,1.4692946602099788
20.159239768981934,0.08753862509802827,0.1278020441532135,5.0,0.5,0.0,-1.7153444057315244,0.47127244936045054,1.2208994003342062
20.223378658294678,0.09086040328255167,0.17188724875450134,5.0,0.5,0.0,3.819225028675792,0.9867229104293511,0.7582518638108159
20.285717010498047,0.10512450960432859,0.22110581398010254,5.0,0.5,0.0,5.0,1.426146540555109,0.5495904285284339
20.349870443344116,0.1313079376470424,0.27674683928489685,5.0,0.5,0.0,5.0,1.814717620352521,0.49627725361171904
20.413819313049316,0.15592817595586284,0.32967105507850647,5.0,0.5,0.0,5.0,2.1019309271931514,0.48412001788494186
20.478274822235107,0.18191620528184,0.37772005796432495,5.0,0.5,0.0,5.0,2.2711878592018957,0.48219969372695703
20.541688919067383,0.2069272410241338,0.4175761044025421,5.0,0.5,0.0,5.0,2.3136472106456965,0.48187196127723103
20.60566806793213,0.23291527035011095,0.4586479961872101,5.0,0.5,0.0,3.1740169126550177,2.3767665686409396,0.4925940885587097
20.66969919204712,0.2581217048091414,0.5032325983047485,5.0,0.5,0.0,0.06451755800672587,2.496287531837674,0.5000029489042246
20.735536336898804,0.2848913290020652,0.5596272945404053,5.0,0.5,0.0,-3.1442817277047737,2.765499393614429,0.4926946541878393
20.79814124107361,0.3097069660276223,0.6139712333679199,5.0,0.5,0.0,-5.0,2.9810488093128926,0.48173207122068323
20.862698793411255,0.33589039407033616,0.6775249242782593,5.0,0.5,0.0,-5.0,3.2969323728324316,0.48173206219677006
20.925690174102783,0.36109682852936664,0.7406522035598755,5.0,0.5,0.0,-5.0,3.5741226678935356,0.48173206212424236
20.98968815803528,0.38688945913860706,0.8131639361381531,5.0,0.5,0.0,-5.0,3.952196357476294,0.48173206212393566
21.053710460662842,0.41248669103111085,0.8796478509902954,5.0,0.5,0.0,-5.0,4.205488110764399,0.4817320621239355
21.119414567947388,0.43847472035708807,0.950255274772644,5.0,0.5,0.0,-5.0,4.498612965124974,0.4817320621239355
21.183080196380615,0.4642673509663285,1.0059784650802612,5.0,0.5,0.0,-5.0,4.565847475560519,0.4817320621239355
21.24614143371582,0.4888875892751489,1.0506776571273804,5.0,0.5,0.0,-5.0,4.508998279744917,0.4817320621239355
21.309764862060547,0.5146802198843894,1.0964977741241455,5.0,0.5,0.0,-5.0,4.50771891766269,0.4817320621239355
21.37447166442871,0.5408636479271033,1.1358786821365356,5.0,0.5,0.0,-5.0,4.445726890889354,0.4817320621239355
21.438950061798096,0.5666562785363436,1.1831341981887817,5.0,0.5,0.0,-5.0,4.532405890910557,0.4817320621239355
21.501630544662476,0.5916673142786375,1.2265738248825073,5.0,0.5,0.0,-5.0,4.577239783584494,0.4817320621239355
21.56730055809021,0.6182415397548247,1.2772716283798218,5.0,0.5,0.0,-5.0,4.728737195697607,0.4817320621239355
21.62963581085205,0.6424709806301717,1.3193453550338745,5.0,0.5,0.0,-5.0,4.763879674576951,0.4817320621239355
21.694819450378418,0.6690452061063589,1.3630318641662598,5.0,0.5,0.0,-4.779239369692898,4.825011929173315,0.4832829023291001
21.758318662643433,0.6942516405653893,1.3957759141921997,5.0,0.5,0.0,-4.745263831701214,4.748730521177344,0.48351579262728295
21.821619272232056,0.7196534737411566,1.4189225435256958,5.0,0.5,0.0,-4.444906919994461,4.571339223132999,0.4855069300548394
21.88569712638855,0.7456415030671336,1.4378474950790405,5.0,0.5,0.0,-4.338542495814487,4.381200239750653,0.48618269501490663
21.950952291488647,0.7720203298265842,1.4501864910125732,5.0,0.5,0.0,-3.710713663905139,4.143685234022139,0.48985440149219434
22.01360011100769,0.7970313655688779,1.4608209133148193,5.0,0.5,0.0,-3.2657705664815255,3.938679666878658,0.49212347568704684
22.07812762260437,0.8230193948948551,1.4708466529846191,5.0,0.5,0.0,-2.925066617275008,3.7601681326691154,0.49367129184904784
22.14164638519287,0.8486166267873589,1.4780670404434204,5.0,0.5,0.0,-2.6475606247364256,3.5742090198149947,0.49480919931119643
22.20699429512024,0.8744092573965994,1.478943943977356,5.0,0.5,0.0,-2.4113597853303608,3.3272504915739125,0.49569024835067765
22.27000880241394,0.8996156918556298,1.4721057415008545,5.0,0.5,0.0,-1.9283626876174393,3.099758631415899,0.49723953342937804
22.33463978767395,0.9259945186150802,1.4551341533660889,5.0,0.5,0.0,-1.4345262910438201,2.479857694635369,0.4984704679417797
22.397566318511963,0.9508101556406374,1.4277946949005127,5.0,0.5,0.0,-1.2898525997721748,2.1017159877167777,0.4987630586989348
22.462690114974976,0.9767981849666146,1.3912063837051392,5.0,0.5,0.0,-1.2696190697520877,1.5440384058558112,0.49880151519203536
22.52604627609253,1.0022000181423816,1.3511446714401245,5.0,0.5,0.0,-1.2780642135218474,1.0125719956651094,0.49878553767670664
22.589701652526855,1.0277972500348853,1.3027926683425903,5.0,0.5,0.0,-1.5548409020520246,0.426094874889395,0.49820389401896825
22.653562545776367,1.0531990832106526,1.2502979040145874,5.0,0.5,0.0,-1.57073632667107,-0.15285741325892627,0.4985891613910646
22.717565059661865,1.0787963151031563,1.1982818841934204,5.0,0.5,0.0,-2.5849124564278,-0.6696495394910719,0.5525858337633214
22.783308029174805,1.0942328137253534,1.1375550031661987,5.0,0.5,0.0,-5.0,-1.2161129781559894,1.1687722989480542
22.845568895339966,1.0893478458069366,1.0715655088424683,5.0,0.5,0.0,-5.0,-1.6821107297900486,1.4204480558829893
22.909542560577393,1.0641414113479062,1.0001976490020752,5.0,0.5,0.0,-5.0,-2.0707716440010953,0.9231509705915701
22.974435806274414,1.038739578172139,0.9245481491088867,5.0,0.5,0.0,-5.0,-2.471324567806947,0.5554185015019156
23.037570476531982,1.0129469475628985,0.852159857749939,5.0,0.5,0.0,-5.0,-2.7811628206246537,0.4874138027206812
23.1015682220459,0.9875451143871313,0.7723562717437744,5.0,0.5,0.0,-5.0,-3.1726505344452476,0.48182709880735514
23.165550708770752,0.9615570850611541,0.6920623183250427,5.0,0.5,0.0,-4.117361176635068,-3.533320086569543,0.48753884242767265
23.22982382774353,0.9363506506021237,0.6115433573722839,5.0,0.5,0.0,0.6554146938031868,-3.874387210238599,0.49968033195640915
23.293607473373413,0.9103626212761465,0.5372776985168457,5.0,0.5,0.0,5.0,-4.1056698010451,0.4817320621247481
23.359212636947632,0.8841791932334329,0.45653024315834045,5.0,0.5,0.0,5.0,-4.428080816229648,0.4817320621239356
23.421510934829712,0.8587773600576656,0.3774684965610504,5.0,0.5,0.0,5.0,-4.716961455204537,0.4817320621239355
23.486005306243896,0.8329847294484253,0.3107337951660156,5.0,0.5,0.0,5.0,-4.826705241926101,0.4817320621239355
23.550460815429688,0.8066059026889748,0.26112422347068787,5.0,0.5,0.0,5.0,-4.723185738506611,0.4817320621239355
23.61350417137146,0.7817902656634177,0.22577713429927826,5.0,0.5,0.0,5.0,-4.4934670153969325,0.4817320621239355
23.679286241531372,0.7548252427537571,0.20073573291301727,5.0,0.5,0.0,5.0,-4.193249718718199,0.4817320621239355
23.742884874343872,0.7294234095779901,0.18281088769435883,5.0,0.5,0.0,5.0,-3.8879469351741616,0.4817320621239355
23.805694103240967,0.7042169751189595,0.1705620288848877,5.0,0.5,0.0,5.0,-3.5844770664841197,0.4817320621239355
23.86950397491455,0.6786197432264557,0.16048768162727356,5.0,0.5,0.0,5.0,-3.3198348327796072,0.4817320621239355
23.934507846832275,0.652436315183742,0.15274466574192047,5.0,0.5,0.0,5.0,-3.0757974438966627,0.4817320621239355
23.997509002685547,0.6270344820079748,0.14707304537296295,5.0,0.5,0.0,5.0,-2.8521158921285625,0.4817320621239355
24.063231229782104,0.6004602565317877,0.14174404740333557,5.0,0.5,0.0,5.0,-2.655124566841554,0.4817320621239355
24.12598443031311,0.5752538220727572,0.13801179826259613,5.0,0.5,0.0,5.0,-2.4699297350011205,0.4817320621239355
24.189518451690674,0.5496565901802534,0.13461332023143768,5.0,0.5,0.0,5.0,-2.301377050765108,0.4817320621239366
24.25422716140747,0.523863959571013,0.13174380362033844,5.0,0.5,0.0,5.0,-2.141740423949375,0.4817320621239796
24.317501544952393,0.4982667276785091,0.12945839762687683,5.0,0.5,0.0,5.0,-2.0847363987544965,0.4817320621254683
24.38147807121277,0.472864894502742,0.12714019417762756,5.0,0.5,0.0,5.0,-1.9856773680268518,0.4817320621654444
24.446175575256348,0.4470722638935015,0.12538661062717438,5.0,0.5,0.0,5.0,-1.8513536755245092,0.4817320631512354
24.509459495544434,0.4216704307177344,0.1236790269613266,5.0,0.5,0.0,5.0,-1.708541334546085,0.4817320814893844
24.57406520843506,0.3960731988252306,0.12213695049285889,5.0,0.5,0.0,5.0,-1.5620640319467949,0.48173236552397797
24.63745880126953,0.3700851694992534,0.12084203958511353,5.0,0.5,0.0,5.0,-1.4115662258953232,0.4817360813244107
24.70159101486206,0.3444879376067496,0.11955863237380981,5.0,0.5,0.0,5.0,-1.26882894102153,0.4817723831103234
24.76544189453125,0.31810911084729915,0.11837103962898254,5.0,0.5,0.0,4.590898700512614,-1.1246247591274283,0.4848969125585045
24.82945942878723,0.292707277671532,0.11726397275924683,5.0,0.5,0.0,4.509246384700525,-0.9877957736838088,0.4872112555836682
24.8934326171875,0.2667192483455549,0.11621379852294922,5.0,0.5,0.0,3.9423589056625175,-0.8504114824849214,0.49933981307280023
24.959108591079712,0.2411220164530511,0.1152094304561615,5.0,0.5,0.0,3.5556643778935744,-0.7170927866185504,0.5326469317735998
25.022146940231323,0.2153293858438106,0.11432242393493652,5.0,0.5,0.0,2.9817576084961215,-0.5818290542223721,0.6233913825175931
25.085854053497314,0.19012295138478016,0.1133347600698471,5.0,0.5,0.0,2.6968680518563963,-0.4559198615299682,0.8021135493888479
25.14944076538086,0.16433032077553966,0.11252151429653168,5.0,0.5,0.0,2.526808636863999,-0.3228009063262211,1.0798679091904098
25.21380090713501,0.13873308888303587,0.11173100769519806,5.0,0.5,0.0,2.3957141126882027,-0.19224115098409783,1.3600568792467262
25.2774760723114,0.11294045827379541,0.11083227396011353,5.0,0.5,0.0,2.2733256735965712,-0.06628919308326357,1.4952791996663293
25.341471910476685,0.08773402381476494,0.11008284986019135,5.0,0.5,0.0,2.7017912086035283,0.061035180714462726,1.3995288691487018
25.405409336090088,0.0650677726733112,0.10929546505212784,5.0,0.5,0.0,5.0,0.17083860513594182,1.1579649492867206
25.47115182876587,0.050412868918060925,0.10853466391563416,5.0,0.5,0.0,5.0,0.2367792086085079,0.9905685221089641
25.535186290740967,0.04572329971638084,0.1078081876039505,5.0,0.5,0.0,5.0,0.24970572465527216,0.9443255248838152
25.59817099571228,0.049045077900904226,0.10717455297708511,5.0,0.5,0.0,5.0,0.2240406992280293,0.9904776704596884
25.66220712661743,0.058619615021001076,0.1065106987953186,5.0,0.5,0.0,5.0,0.16525748847590865,1.1138298425011883
25.725428342819214,0.07288372134277801,0.10603988170623779,5.0,0.5,0.0,5.0,0.09046456692773353,1.2843582490935623
25.78938364982605,0.08949261226539497,0.10282585024833679,5.0,0.5,0.0,5.0,-0.08530487850253103,1.4468016706838163
25.853475093841553,0.10531990832106528,0.11261908710002899,5.0,0.5,0.0,5.0,0.19537204602523867,1.4711330297764804
25.91895627975464,0.11528524287463544,0.14411062002182007,5.0,0.5,0.0,-4.780718898790095,0.4604206974334318,1.3301661040414057
25.98140287399292,0.1254459761449423,0.188065305352211,5.0,0.5,0.0,-5.0,0.9260870839131379,0.938200336875119
26.04536747932434,0.14498584781860932,0.24861514568328857,5.0,0.5,0.0,2.9278433503789802,1.4865737097547878,0.6103993196002101
26.109408378601074,0.17038768099437648,0.3174121677875519,5.0,0.5,0.0,5.0,2.0264334727203708,0.49498892452767607
26.173346996307373,0.1961803116036169,0.3885880708694458,5.0,0.5,0.0,5.0,2.5016527151699663,0.48234078395068053
26.23956322669983,0.2225591383630674,0.45576003193855286,5.0,0.5,0.0,1.7689291629394344,2.844561449846495,0.4976950023861973
26.302268266677856,0.2473747753886245,0.5141165852546692,5.0,0.5,0.0,-2.541231463731548,3.0309463884156855,0.495216463665342
26.365621328353882,0.2729720072811283,0.5645700097084045,5.0,0.5,0.0,-5.0,3.097337448459489,0.4817321032806396
26.429434061050415,0.2981784417401588,0.6095165014266968,5.0,0.5,0.0,-5.0,3.105760969107709,0.4817320659314947
26.493337869644165,0.3237756736326626,0.6627958416938782,5.0,0.5,0.0,-5.0,3.254155238716531,0.4817320622279038
26.55735206604004,0.3497637029586398,0.7184479832649231,5.0,0.5,0.0,-5.0,3.431519459579996,0.48173206212549663
26.62240171432495,0.3759471310013535,0.7885889410972595,5.0,0.5,0.0,-5.0,3.8002669454263565,0.4817320621239371
26.687506914138794,0.4021305590440673,0.8484249114990234,5.0,0.5,0.0,-5.0,3.9833378424949712,0.4817320621239355
26.749340772628784,0.4267507973528878,0.9066306352615356,5.0,0.5,0.0,-5.0,4.145849616257005,0.4817320621239355
26.81339716911316,0.4523480292453916,0.9522801637649536,5.0,0.5,0.0,-5.0,4.130916277572414,0.4817320621239355
26.877326488494873,0.4781406598546321,0.9796436429023743,5.0,0.5,0.0,-5.0,3.8945493755029883,0.4817320621239355
26.941842317581177,0.5035424930303992,0.991511881351471,5.0,0.5,0.0,-5.0,3.5162976092437606,0.4817320621239355
27.00533413887024,0.5295305223563763,0.98585045337677,5.0,0.5,0.0,-5.0,2.983443617256051,0.4817320621239355
27.071391582489014,0.5555185516823535,0.9659910798072815,5.0,0.5,0.0,-5.0,2.363987290017495,0.4817320621239378
27.13534450531006,0.5811157835748574,0.933483362197876,5.0,0.5,0.0,-5.0,1.5248901720441834,0.48173206214035447
27.197998762130737,0.6061268193171511,0.8898630142211914,5.0,0.5,0.0,-5.0,0.9707593981257644,0.48173216382321077
27.2614426612854,0.6317240512096549,0.841593861579895,5.0,0.5,0.0,-5.0,0.3008481303711973,0.4818814346106193
27.32574462890625,0.6577120805356321,0.7779051065444946,5.0,0.5,0.0,-5.0,-0.4962556158746502,0.5373487100043768
27.39021348953247,0.6831139137113991,0.7190870642662048,5.0,0.5,0.0,-5.0,-1.1200159457753285,1.2536990341920449
27.453359603881836,0.691516058531076,0.658434271812439,5.0,0.5,0.0,-5.0,-1.6203326995147866,1.2851494435154314
27.518693447113037,0.671976186857409,0.5874425768852234,5.0,0.5,0.0,-5.0,-2.0736156716793483,0.7212358029384363
27.581414461135864,0.6463789549649053,0.5224478840827942,5.0,0.5,0.0,-5.0,-2.3550944672801326,0.5280705650871754
27.645278930664062,0.6213679192226114,0.46327897906303406,5.0,0.5,0.0,-5.0,-2.5334364788984125,0.4884806459466247
27.70934295654297,0.5953798898966343,0.4003397226333618,5.0,0.5,0.0,-5.0,-2.756753206540823,0.4822284597091622
27.773290872573853,0.5697826580041304,0.3428843021392822,5.0,0.5,0.0,-5.0,-2.895150063733331,0.4817658106849273
27.839398860931396,0.5430130338112066,0.2953048050403595,5.0,0.5,0.0,-3.2174099995219008,-2.896619045761082,0.49235792637261494
27.90136218070984,0.5181973967856495,0.26102548837661743,5.0,0.5,0.0,1.3087663985776055,-2.752999972205297,0.49872836388366854
27.965330123901367,0.492404766176409,0.23274987936019897,5.0,0.5,0.0,5.0,-2.5770623702843567,0.4817334550108475
28.029622793197632,0.4670029330006419,0.2114710807800293,5.0,0.5,0.0,5.0,-2.361815966592472,0.4817341923008998
28.09332275390625,0.4414057011081381,0.19525471329689026,5.0,0.5,0.0,5.0,-2.1330190991278632,0.4817375221239798
28.157920837402344,0.4156130704988976,0.18272031843662262,5.0,0.5,0.0,5.0,-1.9061460809116175,0.48175150933685823
28.221223831176758,0.3902112373231304,0.17356938123703003,5.0,0.5,0.0,5.0,-1.6820170504351142,0.48181589051924584
28.285220861434937,0.36441860671389,0.16560135781764984,5.0,0.5,0.0,5.0,-1.4820103322868887,0.48210071329690596
28.34926414489746,0.33862597610464956,0.15918275713920593,5.0,0.5,0.0,5.0,-1.2936294223369817,0.4833285106843742
28.413245677947998,0.3126379467786724,0.1542937010526657,5.0,0.5,0.0,5.0,-1.110341625954879,0.4883724823468845
28.477354764938354,0.28723611360290524,0.1498889923095703,5.0,0.5,0.0,5.0,-0.946382472793145,0.5047186045659708
28.54136610031128,0.26105268556019146,0.1459285467863083,5.0,0.5,0.0,5.0,-0.7900473132207342,0.5523328859458299
28.60534691810608,0.23565085238442432,0.1428249478340149,5.0,0.5,0.0,5.0,-0.6391889046720993,0.6602029630416753
28.67048716545105,0.2088812281915005,0.14036856591701508,5.0,0.5,0.0,5.0,-0.5867876397140053,0.8728301139944241
28.73334550857544,0.18406559116594334,0.1380341500043869,5.0,0.5,0.0,5.0,-0.48704329455083045,1.1363007741916353
28.797476530075073,0.15788216312322959,0.13596896827220917,5.0,0.5,0.0,5.0,-0.3541713318178906,1.3901619008605621
28.861202716827393,0.1332619248144091,0.1342509239912033,5.0,0.5,0.0,5.0,-0.2155684517313872,1.4815364573826981
28.925233125686646,0.10668769933822195,0.13255475461483002,5.0,0.5,0.0,5.0,-0.06774278372195275,1.3564787713186313
28.98962926864624,0.0814812648791915,0.13099783658981323,5.0,0.5,0.0,5.0,0.07266267167658359,1.0941268202497667
29.054295778274536,0.05822881758752774,0.12955574691295624,5.0,0.5,0.0,5.0,0.19958535871904923,0.843227387230518
29.11898112297058,0.0433785151155408,0.12820185720920563,5.0,0.5,0.0,5.0,0.27815702016253363,0.7188968972383802
29.181214332580566,0.03907974334733405,0.12702320516109467,5.0,0.5,0.0,5.0,0.30082807291460206,0.69465808263275
29.246630907058716,0.04376931254901414,0.12580464780330658,5.0,0.5,0.0,5.0,0.27118632770843254,0.7420219681263767
29.310556173324585,0.05607943170342436,0.12464714050292969,5.0,0.5,0.0,5.0,0.20242694073977938,0.8722403297601663
29.373271942138672,0.07366531620972468,0.12354211509227753,5.0,0.5,0.0,5.0,0.10763171443584453,1.0897572239109772
29.43841814994812,0.09418218146707506,0.1224936991930008,5.0,0.5,0.0,5.0,0.0004919096675851259,1.3336130843411587
29.501176118850708,0.11333125570726875,0.12150010466575623,5.0,0.5,0.0,5.0,-0.09650549114818385,1.4684747066976573
29.567009687423706,0.12642296972862566,0.12062942981719971,5.0,0.5,0.0,-4.606045403184402,-0.15539671612367523,1.4777633283913345
29.62915349006653,0.1313079376470424,0.11973124742507935,5.0,0.5,0.0,-5.0,-0.17238913231269404,1.455284148562057
29.694685697555542,0.12915855176293903,0.11887155473232269,5.0,0.5,0.0,-5.0,-0.1533579739178566,1.4607899960358082
29.757129430770874,0.1221241979604189,0.11810824275016785,5.0,0.5,0.0,-5.0,-0.10855354025335195,1.4785116794656954
29.8223295211792,0.11215886340684872,0.11730779707431793,5.0,0.5,0.0,-5.0,-0.053540903029741675,1.4764437909408739
29.88525414466858,0.1010211365528585,0.11653405427932739,5.0,0.5,0.0,-5.0,0.005434801986279031,1.4347418323779504
29.94913673400879,0.09046960584907832,0.11584129929542542,5.0,0.5,0.0,-5.0,0.06089347940152716,1.360930576475576
