t_s,q_rad,q_des_rad,K,B,jerk,tau_Nm,ilc_ff_Nm
0.005627155303955078,0.0,[0.00014863],0.005,0.1,0.0,-0.10446266937468442,0.0
0.014325141906738281,0.0,[0.00072795],0.005,0.1,0.0,-0.05052864276181568,0.0
0.022185564041137695,0.0,[0.00183695],0.005,0.1,0.0,-0.024023065062929908,0.0
0.030254125595092773,0.0,[0.00340942],0.005,0.1,0.0,-0.016394277622759416,0.0
0.039179086685180664,0.0,[0.00537899],0.005,0.1,0.0,-0.01954968344656065,0.0
0.0474848747253418,0.0,[0.0076744],0.005,0.1,0.0,-0.0127045519856729,0.0
0.05615997314453125,0.0,[0.01023144],0.005,0.1,0.0,-0.0090768250093673,0.0
0.0646815299987793,0.0,[0.01299797],0.005,0.1,0.0,-0.007115181269908458,0.0
0.07220768928527832,0.0,[0.01593318],0.005,0.1,0.0,-0.00858410408529656,0.0
0.0831913948059082,0.0,[0.01900647],0.005,0.1,0.0,-0.007212287176441438,0.0
0.09168410301208496,0.0,[0.02218507],0.005,0.1,0.0,-0.006434015291630343,0.0
0.10099172592163086,0.0,[0.0254409],0.005,0.1,0.0,-0.00946767100856644,0.0
0.11046838760375977,0.0,[0.0287558],0.005,0.1,0.0,-0.008474717219084162,0.0
0.11820054054260254,0.0,[0.03210198],0.005,0.1,0.0,-0.009366447110634656,0.0
0.12717318534851074,0.0,[0.03545009],0.005,0.1,0.0,-0.01375660329961159,0.0
0.13715195655822754,0.0,[0.03879498],0.005,0.1,0.0,-0.01848902253815716,0.0
0.14715886116027832,0.0,[0.04214637],0.005,0.1,0.0,-0.02342645140622532,0.0
0.15518546104431152,0.0,[0.04550017],0.005,0.1,0.0,-0.025195696193398134,0.0
0.16528058052062988,0.0,[0.04884024],0.005,0.1,0.0,-0.030645441280625532,0.0
0.17522788047790527,0.0,[0.05216818],0.005,0.1,0.0,-0.03633386547945708,0.0
0.18319010734558105,0.0,[0.05548598],0.005,0.1,0.0,-0.038540796060948006,0.0
0.19221758842468262,0.0,[0.05877424],0.005,0.1,0.0,-0.03087070858770044,0.0
0.2019786834716797,0.0,[0.06203314],0.005,0.1,0.0,-0.05659178832886191,0.0
0.21147584915161133,0.0,[0.06529519],0.005,0.1,0.0,-0.0628091999013434,0.0
0.2191762924194336,0.0,[0.06857331],0.005,0.1,0.0,-0.06582030541226512,0.0
0.2272951602935791,0.0,[0.07184707],0.005,0.1,0.0,-0.05108068767850496,0.0
0.2357783317565918,0.0,[0.07510843],0.005,0.1,0.0,-0.0629500811585868,0.0
0.24521470069885254,0.0,[0.07836821],0.005,0.1,0.0,-0.0510712585650301,0.0
0.2531764507293701,0.0,[0.08161897],0.005,0.1,0.0,-0.05299223373838576,0.0
0.26216554641723633,0.0,[0.08484645],0.005,0.1,0.0,-0.06903883277513323,0.0
0.27243804931640625,0.0,[0.08806629],0.005,0.1,0.0,-0.0852963263589414,0.0
0.28217554092407227,0.0,[0.09131142],0.005,0.1,0.0,-0.10052551198232162,0.0
0.29015207290649414,0.0,[0.09459198],0.005,0.1,0.0,-0.10413665884392571,0.0
0.3014240264892578,0.0,[0.09790814],0.005,0.1,0.0,-0.1645818355603609,0.0
0.3101673126220703,0.0,[0.10128003],0.005,0.1,0.0,-0.12235598190689885,0.0
0.3181741237640381,0.0,[0.10470471],0.005,0.1,0.0,-0.1258978657296011,0.0
0.3271515369415283,0.0,[0.10814985],0.005,0.1,0.0,-0.09987963731908571,0.0
0.33919620513916016,0.0,[0.11161913],0.005,0.1,0.0,-0.17932641827329465,0.0
0.3481616973876953,0.0,[0.11514707],0.005,0.1,0.0,-0.1372811011904241,0.0
0.35613226890563965,0.0,[0.1187314],0.005,0.1,0.0,-0.1410080492557,0.0
0.36615490913391113,0.0,[0.1223493],0.005,0.1,0.0,-0.16900745259577613,0.0
0.3761746883392334,0.0,[0.12601412],0.005,0.1,0.0,-0.19530847377760727,0.0
0.3841826915740967,0.0,[0.12973701],0.005,0.1,0.0,-0.2011777798868194,0.0
0.39366674423217773,0.0,[0.1335054],0.005,0.1,0.0,-0.22580957344277766,0.0
0.40358424186706543,0.0,[0.13733147],0.005,0.1,0.0,-0.2503176974777875,0.0
0.41224145889282227,0.0,[0.141237],0.005,0.1,0.0,-0.1929151366206987,0.0
0.42017292976379395,0.0,[0.14520555],0.005,0.1,0.0,-0.19767810103434583,0.0
0.43047046661376953,0.0,[0.14921134],0.005,0.1,0.0,-0.23979553419215735,0.0
0.43959522247314453,0.0,[0.15326835],0.005,0.1,0.0,-0.2790522628986961,0.0
0.4472951889038086,0.00019539871673667023,[0.15738824],0.005,0.1,0.0,-0.28647192503661206,0.0
0.4552876949310303,0.0,[0.16154443],0.005,0.1,0.0,-0.22526611451231252,0.0
0.46451258659362793,0.0,[0.16572703],0.005,0.1,0.0,-0.2800833449560656,0.0
0.47214722633361816,0.0,[0.16995265],0.005,0.1,0.0,-0.22647478299936116,0.0
0.4806845188140869,0.0,[0.17423598],0.005,0.1,0.0,-0.29306215096133936,0.0
0.48822808265686035,0.0,[0.17857686],0.005,0.1,0.0,-0.30104814642631866,0.0
0.5005497932434082,0.0,[0.18297551],0.005,0.1,0.0,-0.5051707419252353,0.0
0.510157585144043,0.0,[0.18745862],0.005,0.1,0.0,-0.3799607350495142,0.0
0.5181751251220703,0.0,[0.19202156],0.005,0.1,0.0,-0.3879211710360074,0.0
0.5286986827850342,0.0,[0.19663352],0.005,0.1,0.0,-0.44964900253377355,0.0
0.5392062664031982,0.0,[0.20132322],0.005,0.1,0.0,-0.6918215644075757,0.0
0.5481588840484619,0.0,[0.20614262],0.005,0.1,0.0,-0.5087860684167972,0.0
0.5561466217041016,0.0,[0.21107921],0.005,0.1,0.0,-0.5191033107869398,0.0
0.5661473274230957,0.0,[0.21609369],0.005,0.1,0.0,-0.5835518063222317,0.0
0.5761463642120361,0.0,[0.22119536],0.005,0.1,0.0,-0.642563870975797,0.0
0.5841517448425293,0.0,[0.22639133],0.005,0.1,0.0,-0.6582711113893261,0.0
0.5966730117797852,0.0,[0.23167311],0.005,0.1,0.0,-0.9623830272738088,0.0
0.6061584949493408,0.0,[0.23706269],0.005,0.1,0.0,-0.7000439962257995,0.0
0.6151716709136963,0.0,[0.24256309],0.005,0.1,0.0,-0.5409634179218804,0.0
0.6236183643341064,0.0,[0.24814638],0.005,0.1,0.0,-0.44534866138977647,0.0
0.6352097988128662,0.0,[0.25380371],0.005,0.1,0.0,-0.5870644778078604,0.0
0.6452255249023438,0.0,[0.25955818],0.005,0.1,0.0,-0.7152271255426975,0.0
0.6548874378204346,0.0,[0.26542908],0.005,0.1,0.0,-0.5730325881065417,0.0
0.664614200592041,0.0,[0.2714168],0.005,0.1,0.0,-0.7232783821710717,0.0
0.6732265949249268,0.0,[0.27752102],0.005,0.1,0.0,-0.5884608908264812,0.0
0.6811559200286865,0.0,[0.28372457],0.005,0.1,0.0,-0.504276012033291,0.0
0.6906144618988037,0.0,[0.28999616],0.005,0.1,0.0,-0.45336886581209823,0.0
0.7004368305206299,0.0,[0.29632534],0.005,0.1,0.0,-0.6640442611610978,0.0
0.7091927528381348,0.0,[0.30271945],0.005,0.1,0.0,-0.5715695121480999,0.0
0.7171449661254883,0.0,[0.30915147],0.005,0.1,0.0,-0.5838645300046512,0.0
0.726536750793457,0.0,[0.3155821],0.005,0.1,0.0,-0.8049764325981767,0.0
0.735478401184082,0.0,[0.32202862],0.005,0.1,0.0,-1.0007768542997098,0.0
0.7458627223968506,0.0,[0.3285398],0.005,0.1,0.0,-1.1685737095301891,0.0
0.7541203498840332,0.0,[0.33512306],0.005,0.1,0.0,-1.1948714699260203,0.0
0.7641251087188721,0.0,[0.34175037],0.005,0.1,0.0,-1.3400549493794582,0.0
0.7745208740234375,0.0,[0.34844992],0.005,0.1,0.0,-1.9732055850500088,0.0
0.7831060886383057,0.0,[0.35526236],0.005,0.1,0.0,-2.019366732305851,0.0
0.792107105255127,0.0,[0.36215165],0.005,0.1,0.0,-1.469977192674286,0.0
0.8024590015411377,0.0,[0.36910477],0.005,0.1,0.0,-2.1582111266281303,0.0
0.8109009265899658,0.0,[0.37616318],0.005,0.1,0.0,-1.577204628748459,0.0
0.8192288875579834,0.0,[0.38330785],0.005,0.1,0.0,-1.6032020989874576,0.0
0.827134370803833,0.0,[0.39046862],0.005,0.1,0.0,-1.2481491580170243,0.0
0.8384475708007812,0.0,[0.3976401],0.005,0.1,0.0,-2.0651115113457075,0.0
0.8473489284515381,0.0,[0.40489024],0.005,0.1,0.0,-2.141096673650991,0.0
0.8551394939422607,0.0,[0.41223989],0.005,0.1,0.0,-2.1831936132234895,0.0
0.8641657829284668,0.0,[0.41965151],0.005,0.1,0.0,-2.255083060034257,0.0
0.8725521564483643,0.0,[0.42712975],0.005,0.1,0.0,-2.32930126184078,0.0
0.8831477165222168,0.0,[0.43469644],0.005,0.1,0.0,-1.7508692544710034,0.0
0.8927478790283203,0.0,[0.44233248],0.005,0.1,0.0,-1.3981607165116774,0.0
0.9007344245910645,0.0,[0.45002134],0.005,0.1,0.0,-1.7336878236865867,0.0
0.9091067314147949,0.0,[0.45776731],0.005,0.1,0.0,-1.4107097788221143,0.0
0.9201381206512451,0.0,[0.46557379],0.005,0.1,0.0,-1.7778904699208105,0.0
0.9291486740112305,0.0,[0.47344332],0.005,0.1,0.0,-1.4572955748807273,0.0
0.9401376247406006,0.0,[0.48137774],0.005,0.1,0.0,-1.8507053834054858,0.0
0.9481284618377686,0.0,[0.48937827],0.005,0.1,0.0,-1.523124218072953,0.0
0.956122875213623,0.0,[0.49740723],0.005,0.1,0.0,-1.5493929728447402,0.0
0.9665606021881104,0.0,[0.50543287],0.005,0.1,0.0,-2.74888830722822,0.0
0.9776351451873779,0.0,[0.51352476],0.005,0.1,0.0,-3.878347314403079,0.0
0.9861133098602295,0.0,[0.52174129],0.005,0.1,0.0,-3.957670297743203,0.0
0.9951579570770264,0.0,[0.53003414],0.005,0.1,0.0,-2.8653001603139376,0.0
1.0058908462524414,0.0,[0.53838134],0.005,0.1,0.0,-4.065889540177185,0.0
1.0151500701904297,0.0,[0.54682231],0.005,0.1,0.0,-2.9650910565251603,0.0
1.0231165885925293,0.0,[0.55535041],0.005,0.1,0.0,-2.2966928362394246,0.0
1.0342063903808594,0.0,[0.56393984],0.005,0.1,0.0,-2.704093420923771,0.0
1.0441138744354248,0.0,[0.5726077],0.005,0.1,0.0,-3.0485153611874027,0.0
1.0531370639801025,0.0,[0.58136782],0.005,0.1,0.0,-2.3957437605596894,0.0
1.0631091594696045,0.0,[0.59019141],0.005,0.1,0.0,-1.9907597763952458,0.0
1.072239637374878,0.0,[0.59907342],0.005,0.1,0.0,-3.5237473827183274,0.0
1.0811371803283691,0.0,[0.60804867],0.005,0.1,0.0,-2.732906207805417,0.0
1.089224100112915,0.0,[0.61708587],0.005,0.1,0.0,-2.7745612091789966,0.0
1.0996496677398682,0.0,[0.62613793],0.005,0.1,0.0,-4.344659293217809,0.0
1.1101291179656982,0.0,[0.63524425],0.005,0.1,0.0,-4.3989644570347295,0.0
1.1181364059448242,0.0,[0.64443723],0.005,0.1,0.0,-3.299947071258499,0.0
1.1263659000396729,0.0,[0.65368331],0.005,0.1,0.0,-2.6287974477396756,0.0
1.1365821361541748,-0.00019539871673667023,[0.66295295],0.005,0.1,0.0,-3.1486451218159117,0.0
1.1464486122131348,0.0,[0.67225952],0.005,0.1,0.0,-3.5539078952187984,0.0
1.1541452407836914,0.0,[0.68159372],0.005,0.1,0.0,-3.619561073526862,0.0
1.1640214920043945,0.0,[0.69090765],0.005,0.1,0.0,-3.915924088731222,0.0
1.174598217010498,0.0,[0.7001985],0.005,0.1,0.0,-4.123092557362461,0.0
1.1841299533843994,0.0,[0.70950093],0.005,0.1,0.0,-4.254421056547669,0.0
1.192096471786499,0.0,[0.71880509],0.005,0.1,0.0,-4.325712445398802,0.0
1.201094150543213,0.0,[0.72806408],0.005,0.1,0.0,-4.3977474799611596,0.0
1.211667537689209,0.0,[0.73727405],0.005,0.1,0.0,-4.42202562642791,0.0
1.2191779613494873,0.0,[0.74643167],0.005,0.1,0.0,-4.492396330096359,0.0
1.2297441959381104,0.0,[0.75549737],0.005,0.1,0.0,-4.4757739577500715,0.0
1.2391183376312256,0.0,[0.76447233],0.005,0.1,0.0,-4.426977924831496,0.0
1.2491440773010254,0.0,[0.77339126],0.005,0.1,0.0,-4.351856451800273,0.0
1.2570784091949463,0.0,[0.78224822],0.005,0.1,0.0,-4.416989224510723,0.0
1.2673006057739258,0.0,[0.79100383],0.005,0.1,0.0,-4.322366167068573,0.0
1.2774109840393066,0.0,[0.79967209],0.005,0.1,0.0,-5.29368227249086,0.0
1.2861137390136719,0.0,[0.80828042],0.005,0.1,0.0,-5.3780831661019945,0.0
1.2953932285308838,0.0,[0.81680348],0.005,0.1,0.0,-4.864781302568167,0.0
1.3037028312683105,0.0,[0.82523312],0.005,0.1,0.0,-4.464757808655125,0.0
1.3116168975830078,0.0,[0.83357679],0.005,0.1,0.0,-3.291895788738594,0.0
1.320204257965088,0.0,[0.84179703],0.005,0.1,0.0,-3.328555984902271,0.0
1.330399513244629,0.0,[0.84984809],0.005,0.1,0.0,-3.3630638965168957,0.0
1.339115858078003,0.0,[0.85772027],0.005,0.1,0.0,-2.635438427437449,0.0
1.3481254577636719,0.0,[0.86541964],0.005,0.1,0.0,-2.8013606220073357,0.0
1.3571662902832031,0.0,[0.87295129],0.005,0.1,0.0,-2.282000024776757,0.0
1.3664448261260986,0.0,[0.88031955],0.005,0.1,0.0,-2.4897232891100147,0.0
1.3771908283233643,0.0,[0.88753965],0.005,0.1,0.0,-2.611286215053894,0.0
1.3861007690429688,0.0,[0.89462424],0.005,0.1,0.0,-2.1426518908733048,0.0
1.39560866355896,0.0,[0.90156023],0.005,0.1,0.0,-1.851748386210999,0.0
1.4051039218902588,0.0,[0.90833639],0.005,0.1,0.0,-2.0741465101265493,0.0
1.415114402770996,0.0,[0.9149549],0.005,0.1,0.0,-1.8055166937132563,0.0
1.42431640625,0.0,[0.92140755],0.005,0.1,0.0,-1.6348915618349291,0.0
1.4354650974273682,0.0,[0.92769733],0.005,0.1,0.0,-2.2516047960032948,0.0
1.4441144466400146,0.0,[0.9338473],0.005,0.1,0.0,-1.9045879457667945,0.0
1.4540975093841553,0.0,[0.93985759],0.005,0.1,0.0,-1.6881565020529912,0.0
1.4634370803833008,0.0,[0.94570937],0.005,0.1,0.0,-1.555569545844339,0.0
1.4746415615081787,0.0,[0.95140579],0.005,0.1,0.0,-2.070939158876981,0.0
1.4841485023498535,0.0,[0.9569684],0.005,0.1,0.0,-1.7949628576026262,0.0
1.4931268692016602,0.0,[0.96239843],0.005,0.1,0.0,-1.6250621424252198,0.0
1.502162218093872,0.0,[0.96768874],0.005,0.1,0.0,-1.78170440993608,0.0
1.5121235847473145,0.0,[0.97285143],0.005,0.1,0.0,-1.9016227108896084,0.0
1.5211303234100342,0.0,[0.97789794],0.005,0.1,0.0,-1.7062707062296527,0.0
1.5302038192749023,0.0,[0.98282241],0.005,0.1,0.0,-1.5887460483723193,0.0
1.5390958786010742,0.0,[0.98762132],0.005,0.1,0.0,-1.7622333090924733,0.0
1.5481481552124023,0.0,[0.99230167],0.005,0.1,0.0,-1.6403366743694046,0.0
1.558319330215454,0.0,[0.99686271],0.005,0.1,0.0,-1.5675335068506255,0.0
1.5680983066558838,0.0,[1.00130567],0.005,0.1,0.0,-1.7666906071720414,0.0
1.5770835876464844,0.0,[1.00565044],0.005,0.1,0.0,-1.9420473624343744,0.0
1.5850882530212402,0.0,[1.00991567],0.005,0.1,0.0,-1.7887417137666173,0.0
1.5935404300689697,0.0,[1.0141016],0.005,0.1,0.0,-1.697531194567713,0.0
1.60321044921875,0.0,[1.01821013],0.005,0.1,0.0,-1.9182689573487623,0.0
1.6131153106689453,0.0,[1.02226231],0.005,0.1,0.0,-2.1146809251494147,0.0
1.6210849285125732,0.0,[1.02626825],0.005,0.1,0.0,-2.1356532742559478,0.0
1.6313812732696533,0.0,[1.03022902],0.005,0.1,0.0,-2.7232894672949635,0.0
1.6408960819244385,0.0,[1.03417468],0.005,0.1,0.0,-2.7659657339674775,0.0
1.6506752967834473,0.0,[1.03813157],0.005,0.1,0.0,-2.3717794098160465,0.0
1.6581108570098877,0.0,[1.0420847],0.005,0.1,0.0,-2.387933282077557,0.0
1.6664397716522217,0.0,[1.04601234],0.005,0.1,0.0,-2.5557911434681757,0.0
1.6763579845428467,0.0,[1.04992571],0.005,0.1,0.0,-2.6988622900891155,0.0
1.6850676536560059,0.0,[1.05384462],0.005,0.1,0.0,-2.371643901995501,0.0
1.6951735019683838,0.0,[1.05777657],0.005,0.1,0.0,-2.58219288124541,0.0
1.7061641216278076,0.0,[1.06174819],0.005,0.1,0.0,-3.2815264870933833,0.0
1.7151541709899902,0.0,[1.06579192],0.005,0.1,0.0,-2.7594978788396243,0.0
1.7230961322784424,0.0,[1.06989442],0.005,0.1,0.0,-2.7772881851667965,0.0
1.7340662479400635,0.0,[1.07403387],0.005,0.1,0.0,-3.4859683518224225,0.0
1.7438931465148926,0.0,[1.07823195],0.005,0.1,0.0,-3.458269915940559,0.0
1.752079963684082,0.0,[1.08249618],0.005,0.1,0.0,-3.4854126635903517,0.0
1.7627320289611816,0.0,[1.08680176],0.005,0.1,0.0,-3.4728216556900313,0.0
1.7724459171295166,0.0,[1.09114764],0.005,0.1,0.0,-3.474744841022249,0.0
1.7804982662200928,0.0,[1.09555285],0.005,0.1,0.0,-3.48687233053207,0.0
1.7880523204803467,0.0,[1.1000124],0.005,0.1,0.0,-3.5160457222723323,0.0
1.7970798015594482,0.0,[1.10449079],0.005,0.1,0.0,-2.982164629339261,0.0
1.8058059215545654,0.0,[1.10896797],0.005,0.1,0.0,-3.1550370288182856,0.0
1.8181414604187012,0.0,[1.11344751],0.005,0.1,0.0,-2.7830884537095577,0.0
1.8302130699157715,0.0,[1.11793241],0.005,0.1,0.0,-3.022773984554141,0.0
1.8442280292510986,0.0,[1.12243542],0.005,0.1,0.0,-3.2167866246695094,0.0
1.8531019687652588,0.0,[1.12696712],0.005,0.1,0.0,-2.8497002273409433,0.0
1.8612279891967773,0.0,[1.13151564],0.005,0.1,0.0,-2.627279762526371,0.0
1.8706293106079102,0.0,[1.13607076],0.005,0.1,0.0,-2.9341878199573546,0.0
1.8800647258758545,0.0,[1.1406341],0.005,0.1,0.0,-2.7043506581165526,0.0
1.8880856037139893,0.0,[1.1451864],0.005,0.1,0.0,-2.728575441246186,0.0
1.8981475830078125,0.0,[1.14970131],0.005,0.1,0.0,-3.041584408819081,0.0
1.9080750942230225,0.0,[1.15418808],0.005,0.1,0.0,-3.299806441114929,0.0
1.9180827140808105,0.0,[1.1586758],0.005,0.1,0.0,-3.5086557224528745,0.0
1.9264044761657715,0.0,[1.16317904],0.005,0.1,0.0,-3.1168049700316787,0.0
1.9364402294158936,0.0,[1.16769989],0.005,0.1,0.0,-3.394843239308637,0.0
1.9454126358032227,0.0,[1.17225091],0.005,0.1,0.0,-3.630801849822549,0.0
1.9534173011779785,0.0,[1.17683208],0.005,0.1,0.0,-3.6649396771017457,0.0
1.9623970985412598,0.0,[1.18142217],0.005,0.1,0.0,-3.8624127583809633,0.0
1.9725584983825684,0.0,[1.18602509],0.005,0.1,0.0,-4.035231988610803,0.0
1.982287883758545,0.0,[1.19066639],0.005,0.1,0.0,-4.191586446834207,0.0
1.9920551776885986,0.0,[1.19534597],0.005,0.1,0.0,-4.228672308360706,0.0
2.00205659866333,0.0,[1.20004183],0.005,0.1,0.0,-4.375198670761637,0.0
2.010106086730957,0.0,[1.20475834],0.005,0.1,0.0,-4.519649623081459,0.0
2.018101215362549,0.0,[1.20949932],0.005,0.1,0.0,-4.55894000161406,0.0
2.0312514305114746,0.0,[1.21425745],0.005,0.1,0.0,-5.608213177021951,0.0
2.042085647583008,0.0,[1.21906247],0.005,0.1,0.0,-5.514989630338881,0.0
2.051079750061035,0.0,[1.22393994],0.005,0.1,0.0,-4.578090739300566,0.0
2.060887575149536,0.0,[1.22887598],0.005,0.1,0.0,-4.0262557357299285,0.0
2.072577714920044,0.0,[1.23387185],0.005,0.1,0.0,-5.386300376689899,0.0
2.081094980239868,0.0,[1.23895377],0.005,0.1,0.0,-4.595485233531766,0.0
2.089723825454712,0.0,[1.24411868],0.005,0.1,0.0,-4.117712494707735,0.0
2.0994722843170166,0.0,[1.24935169],0.005,0.1,0.0,-4.658435606996249,0.0
2.1093239784240723,0.0,[1.25466661],0.005,0.1,0.0,-5.139666578153031,0.0
2.1180548667907715,0.0,[1.26007526],0.005,0.1,0.0,-4.552244912746773,0.0
2.126451253890991,0.0,[1.26556072],0.005,0.1,0.0,-4.198015913667473,0.0
2.137038230895996,0.0,[1.27110888],0.005,0.1,0.0,-4.88413275791735,0.0
2.1470556259155273,0.0,[1.27673584],0.005,0.1,0.0,-5.4935756306426,0.0
2.1550517082214355,0.0,[1.28244101],0.005,0.1,0.0,-5.552498380395098,0.0
2.166027069091797,0.0,[1.28819558],0.005,0.1,0.0,-6.077511602659727,0.0
2.1790919303894043,0.0,[1.29401927],0.005,0.1,0.0,-8.004407037017376,0.0
2.1871109008789062,0.0,[1.2999432],0.005,0.1,0.0,-8.093670136750845,0.0
2.1972768306732178,0.0,[1.30594939],0.005,0.1,0.0,-8.098278973690705,0.0
2.207671880722046,0.0,[1.31203789],0.005,0.1,0.0,-8.16894615945753,0.0
2.2180333137512207,0.0,[1.31822344],0.005,0.1,0.0,-6.728760595362446,0.0
2.2271406650543213,0.0,[1.32448767],0.005,0.1,0.0,-5.868495029930193,0.0
2.2372686862945557,0.0,[1.33083056],0.005,0.1,0.0,-8.220311489338089,0.0
2.2465507984161377,0.0,[1.33729889],0.005,0.1,0.0,-8.501846038969775,0.0
2.255061388015747,-0.00019539871673667023,[1.34389981],0.005,0.1,0.0,-8.58919001536549,0.0
2.2647013664245605,0.0,[1.35059096],0.005,0.1,0.0,-8.828434084512512,0.0
2.275108575820923,0.0,[1.35736775],0.005,0.1,0.0,-9.055010849566798,0.0
2.2840704917907715,0.0,[1.36424153],0.005,0.1,0.0,-7.506589770911109,0.0
2.295450448989868,0.0,[1.37120511],0.005,0.1,0.0,-8.154180029143337,0.0
2.3061039447784424,0.0,[1.37826787],0.005,0.1,0.0,-8.692454341370308,0.0
2.31605863571167,0.0,[1.38545302],0.005,0.1,0.0,-9.122522337349269,0.0
2.3240480422973633,0.0,[1.39274625],0.005,0.1,0.0,-9.223233791330234,0.0
2.333028554916382,0.0,[1.40010155],0.005,0.1,0.0,-5.091732337913302,0.0
2.3420631885528564,0.0,[1.40751171],0.005,0.1,0.0,-5.050417323379133,0.0
2.351092576980591,0.0,[1.41498615],0.005,0.1,0.0,-5.05000417323379,0.0
2.360063076019287,0.0,[1.42249935],0.005,0.1,0.0,-5.050000041732337,0.0
2.3691599369049072,0.0,[1.430029],0.005,0.1,0.0,-5.050000000417323,0.0
2.379065990447998,0.0,[1.43758805],0.005,0.1,0.0,-5.0500000000041725,0.0
2.3870487213134766,0.0,[1.44517067],0.005,0.1,0.0,-5.050000000000041,0.0
2.3974432945251465,0.0,[1.45273907],0.005,0.1,0.0,-5.05,0.0
2.4075558185577393,0.0,[1.46029297],0.005,0.1,0.0,-5.05,0.0
2.4160518646240234,0.0,[1.46784785],0.005,0.1,0.0,-5.05,0.0
2.4249207973480225,0.0,[1.47538461],0.005,0.1,0.0,-5.05,0.0
2.435030221939087,0.0,[1.48288674],0.005,0.1,0.0,-5.05,0.0
2.4471709728240967,0.0,[1.49038668],0.005,0.1,0.0,-5.05,0.0
2.455116033554077,0.0,[1.49791119],0.005,0.1,0.0,-5.05,0.0
2.4657185077667236,0.0,[1.5054356],0.005,0.1,0.0,-5.05,0.0
2.4750478267669678,0.0,[1.5129532],0.005,0.1,0.0,-5.05,0.0
2.483048677444458,0.0,[1.52047285],0.005,0.1,0.0,-5.05,0.0
2.4910600185394287,0.0,[1.52795646],0.005,0.1,0.0,-5.05,0.0
2.5010251998901367,0.0,[1.53535676],0.005,0.1,0.0,-5.05,0.0
2.5140879154205322,0.0,[1.5426921],0.005,0.1,0.0,-5.05,0.0
2.52203369140625,0.0,[1.55000626],0.005,0.1,0.0,-5.05,0.0
2.531494617462158,0.0,[1.55730565],0.005,0.1,0.0,-5.05,0.0
2.5404880046844482,0.0,[1.56459285],0.005,0.1,0.0,-5.05,0.0
2.5500433444976807,0.0,[1.57186836],0.005,0.1,0.0,-5.05,0.0
2.5586299896240234,0.0,[1.57910462],0.005,0.1,0.0,-5.05,0.0
2.5672616958618164,0.0,[1.58627678],0.005,0.1,0.0,-5.05,0.0
2.576606273651123,0.0,[1.59338739],0.005,0.1,0.0,-5.05,0.0
2.585026979446411,0.0,[1.60042583],0.005,0.1,0.0,-5.05,0.0
2.5941638946533203,0.0,[1.60734719],0.005,0.1,0.0,-5.05,0.0
2.6023242473602295,0.0,[1.6141251],0.005,0.1,0.0,-5.05,0.0
2.6130216121673584,0.0,[1.62077111],0.005,0.1,0.0,-5.05,0.0
2.6210126876831055,0.0,[1.62728426],0.005,0.1,0.0,-5.05,0.0
2.6314589977264404,0.0,[1.63365211],0.005,0.1,0.0,-5.05,0.0
2.64148211479187,0.0,[1.63989379],0.005,0.1,0.0,-5.05,0.0
2.650047540664673,0.0,[1.64602507],0.005,0.1,0.0,-5.05,0.0
2.658050060272217,0.0,[1.65202073],0.005,0.1,0.0,-5.05,0.0
2.668086528778076,0.0,[1.65785922],0.005,0.1,0.0,-5.05,0.0
2.6787030696868896,0.0,[1.66355759],0.005,0.1,0.0,-5.05,0.0
2.687002420425415,0.0,[1.66912238],0.005,0.1,0.0,-5.05,0.0
2.6954429149627686,0.0,[1.67453392],0.005,0.1,0.0,-5.05,0.0
2.703209638595581,0.0,[1.6797842],0.005,0.1,0.0,-5.05,0.0
2.7150182723999023,0.0,[1.68488171],0.005,0.1,0.0,-5.05,0.0
2.7229909896850586,0.0,[1.68983388],0.005,0.1,0.0,-5.05,0.0
2.734816074371338,0.0,[1.69463984],0.005,0.1,0.0,-5.05,0.0
2.745162010192871,0.0,[1.69931136],0.005,0.1,0.0,-5.05,0.0
2.7530431747436523,0.0,[1.70385276],0.005,0.1,0.0,-5.05,0.0
2.7641522884368896,0.0,[1.70825469],0.005,0.1,0.0,-5.05,0.0
2.7746059894561768,0.0,[1.71252677],0.005,0.1,0.0,-5.05,0.0
2.7830162048339844,0.0,[1.7166775],0.005,0.1,0.0,-5.05,0.0
2.7910938262939453,0.0,[1.72069288],0.005,0.1,0.0,-5.05,0.0
2.8015310764312744,-0.00019539871673667023,[1.72456165],0.005,0.1,0.0,-5.05,0.0
2.8101963996887207,0.0,[1.72829487],0.005,0.1,0.0,-5.05,0.0
2.818023920059204,0.0,[1.73189816],0.005,0.1,0.0,-5.05,0.0
2.827371597290039,0.0,[1.73536282],0.005,0.1,0.0,-5.05,0.0
2.838320255279541,0.0,[1.73869111],0.005,0.1,0.0,-5.05,0.0
2.8470258712768555,0.0,[1.7418942],0.005,0.1,0.0,-5.05,0.0
2.855041027069092,0.0,[1.74497402],0.005,0.1,0.0,-5.05,0.0
2.8650729656219482,0.0,[1.74792513],0.005,0.1,0.0,-5.05,0.0
2.874877691268921,0.0,[1.75075138],0.005,0.1,0.0,-5.05,0.0
2.884036064147949,0.0,[1.75346076],0.005,0.1,0.0,-5.05,0.0
2.893045425415039,0.0,[1.75605367],0.005,0.1,0.0,-5.05,0.0
2.902291774749756,0.0,[1.75853123],0.005,0.1,0.0,-5.05,0.0
2.9113874435424805,0.0,[1.76090182],0.005,0.1,0.0,-5.05,0.0
2.9190261363983154,0.0,[1.76317025],0.005,0.1,0.0,-5.05,0.0
2.927912712097168,0.0,[1.76533213],0.005,0.1,0.0,-5.05,0.0
2.9380416870117188,0.0,[1.76738778],0.005,0.1,0.0,-5.05,0.0
2.947429656982422,0.0,[1.76934715],0.005,0.1,0.0,-5.05,0.0
2.9550106525421143,0.0,[1.77121665],0.005,0.1,0.0,-5.05,0.0
2.965296506881714,0.0,[1.77299927],0.005,0.1,0.0,-5.05,0.0
2.9771313667297363,0.0,[1.77470803],0.005,0.1,0.0,-5.05,0.0
2.986015558242798,0.0,[1.77635639],0.005,0.1,0.0,-5.05,0.0
2.9944260120391846,0.0,[1.77794597],0.005,0.1,0.0,-5.05,0.0
3.003551959991455,0.0,[1.77947549],0.005,0.1,0.0,-5.05,0.0
3.0139899253845215,0.0,[1.78094771],0.005,0.1,0.0,-5.05,0.0
3.022022247314453,0.0,[1.78236319],0.005,0.1,0.0,-5.05,0.0
3.032782554626465,0.0,[1.78372001],0.005,0.1,0.0,-5.05,0.0
3.0430192947387695,0.0,[1.78502021],0.005,0.1,0.0,-5.05,0.0
3.052997350692749,0.0,[1.78626559],0.005,0.1,0.0,-5.05,0.0
3.0622570514678955,0.0,[1.78745402],0.005,0.1,0.0,-5.05,0.0
3.0724246501922607,0.0,[1.78858176],0.005,0.1,0.0,-5.05,0.0
3.0820086002349854,0.0,[1.78964463],0.005,0.1,0.0,-5.05,0.0
3.091782808303833,0.0,[1.79063836],0.005,0.1,0.0,-5.05,0.0
3.1022324562072754,0.0,[1.79155724],0.005,0.1,0.0,-5.05,0.0
3.11202335357666,0.0,[1.79239316],0.005,0.1,0.0,-5.05,0.0
3.1199798583984375,0.0,[1.79314067],0.005,0.1,0.0,-5.05,0.0
3.1311113834381104,0.0,[1.79379813],0.005,0.1,0.0,-5.05,0.0
3.1409850120544434,0.0,[1.79436106],0.005,0.1,0.0,-5.05,0.0
3.149019956588745,0.0,[1.79482445],0.005,0.1,0.0,-5.05,0.0
3.1577582359313965,0.0,[1.79518805],0.005,0.1,0.0,-5.05,0.0
3.1679844856262207,0.0,[1.79545228],0.005,0.1,0.0,-5.05,0.0
3.178018569946289,0.0,[1.79561419],0.005,0.1,0.0,-5.05,0.0
3.1874325275421143,0.0,[1.79567241],0.005,0.1,0.0,-5.05,0.0
3.1959726810455322,0.0,[1.79563142],0.005,0.1,0.0,-5.05,0.0
3.209439992904663,0.0,[1.79549282],0.005,0.1,0.0,-5.05,0.0
3.2170138359069824,0.0,[1.79525569],0.005,0.1,0.0,-5.05,0.0
3.2256295680999756,0.0,[1.79492876],0.005,0.1,0.0,-5.05,0.0
3.235032320022583,0.0,[1.7945237],0.005,0.1,0.0,-5.05,0.0
3.2453978061676025,0.0,[1.79404682],0.005,0.1,0.0,-5.05,0.0
3.2530126571655273,0.0,[1.79350591],0.005,0.1,0.0,-5.05,0.0
3.262993335723877,0.0,[1.79291391],0.005,0.1,0.0,-5.05,0.0
3.2749857902526855,0.0,[1.79228424],0.005,0.1,0.0,-5.05,0.0
3.285006046295166,0.0,[1.79162885],0.005,0.1,0.0,-5.05,0.0
3.2940168380737305,0.0,[1.79096034],0.005,0.1,0.0,-5.05,0.0
3.303189754486084,0.0,[1.79029231],0.005,0.1,0.0,-5.05,0.0
3.312966823577881,0.0,[1.78964013],0.005,0.1,0.0,-5.05,0.0
3.3209781646728516,0.0,[1.78901721],0.005,0.1,0.0,-5.05,0.0
3.3304619789123535,0.0,[1.78843393],0.005,0.1,0.0,-5.05,0.0
3.3410606384277344,0.0,[1.7879049],0.005,0.1,0.0,-5.05,0.0
3.349989652633667,0.0,[1.78744598],0.005,0.1,0.0,-5.05,0.0
3.3586339950561523,0.0,[1.7870669],0.005,0.1,0.0,-5.05,0.0
3.3693034648895264,0.0,[1.78678189],0.005,0.1,0.0,-5.05,0.0
3.37807559967041,0.0,[1.78661186],0.005,0.1,0.0,-5.05,0.0
3.387981653213501,0.0,[1.78656724],0.005,0.1,0.0,-5.05,0.0
3.3973569869995117,0.0,[1.78665435],0.005,0.1,0.0,-5.05,0.0
3.406524419784546,0.0,[1.78689003],0.005,0.1,0.0,-5.05,0.0
3.4150047302246094,0.0,[1.78728938],0.005,0.1,0.0,-5.05,0.0
3.42295503616333,0.0,[1.78784681],0.005,0.1,0.0,-5.05,0.0
3.433372735977173,0.0,[1.78855825],0.005,0.1,0.0,-5.05,0.0
3.443016290664673,0.0,[1.78944852],0.005,0.1,0.0,-5.05,0.0
3.451996326446533,0.0,[1.79053895],0.005,0.1,0.0,-5.05,0.0
3.460505723953247,0.0,[1.79182502],0.005,0.1,0.0,-5.05,0.0
3.470956325531006,0.0,[1.79330289],0.005,0.1,0.0,-5.05,0.0
3.480969190597534,0.0,[1.79498692],0.005,0.1,0.0,-5.05,0.0
3.4889652729034424,0.0,[1.79687915],0.005,0.1,0.0,-5.05,0.0
3.499652624130249,0.0,[1.79897221],0.005,0.1,0.0,-5.05,0.0
3.5079562664031982,0.0,[1.80127929],0.005,0.1,0.0,-5.05,0.0
3.517982244491577,0.0,[1.80381103],0.005,0.1,0.0,-5.05,0.0
3.5264177322387695,0.0,[1.80656586],0.005,0.1,0.0,-5.05,0.0
3.539358615875244,0.0,[1.80955373],0.005,0.1,0.0,-5.05,0.0
3.5489890575408936,0.0,[1.81279433],0.005,0.1,0.0,-5.05,0.0
3.5578982830047607,0.0,[1.816279],0.005,0.1,0.0,-5.05,0.0
3.5669915676116943,0.0,[1.81997473],0.005,0.1,0.0,-5.05,0.0
3.5772910118103027,0.0,[1.82387801],0.005,0.1,0.0,-5.05,0.0
3.5858800411224365,0.0,[1.8279973],0.005,0.1,0.0,-5.05,0.0
3.594071865081787,0.0,[1.8322985],0.005,0.1,0.0,-5.05,0.0
3.602949619293213,0.0,[1.83673836],0.005,0.1,0.0,-5.05,0.0
3.612010955810547,0.0,[1.84130648],0.005,0.1,0.0,-5.05,0.0
3.61995792388916,0.0,[1.84599315],0.005,0.1,0.0,-5.05,0.0
3.6315221786499023,0.0,[1.85079017],0.005,0.1,0.0,-5.05,0.0
3.6418235301971436,0.0,[1.85573382],0.005,0.1,0.0,-5.05,0.0
3.650994062423706,0.0,[1.86085432],0.005,0.1,0.0,-5.05,0.0
3.6595282554626465,0.0,[1.86613254],0.005,0.1,0.0,-5.05,0.0
3.673374891281128,0.0,[1.87156714],0.005,0.1,0.0,-5.05,0.0
3.6829965114593506,0.0,[1.87718674],0.005,0.1,0.0,-5.05,0.0
3.692004680633545,0.0,[1.88298337],0.005,0.1,0.0,-5.05,0.0
3.702000141143799,0.0,[1.88893394],0.005,0.1,0.0,-5.05,0.0
3.7124881744384766,0.0,[1.89506622],0.005,0.1,0.0,-5.05,0.0
3.7217352390289307,0.0,[1.90140246],0.005,0.1,0.0,-5.05,0.0
3.7323973178863525,0.0,[1.90791112],0.005,0.1,0.0,-5.05,0.0
3.741881847381592,0.0,[1.91458101],0.005,0.1,0.0,-5.05,0.0
3.7509782314300537,0.0,[1.92141776],0.005,0.1,0.0,-5.05,0.0
3.759949207305908,0.0,[1.92839107],0.005,0.1,0.0,-5.05,0.0
3.773094892501831,0.0,[1.9354909],0.005,0.1,0.0,-5.05,0.0
3.782961845397949,0.0,[1.94274109],0.005,0.1,0.0,-5.05,0.0
3.7919650077819824,0.0,[1.95010911],0.005,0.1,0.0,-5.05,0.0
3.8020102977752686,0.0,[1.95753196],0.005,0.1,0.0,-5.05,0.0
3.8120036125183105,0.0,[1.96500588],0.005,0.1,0.0,-5.05,0.0
3.819943904876709,0.0,[1.97252678],0.005,0.1,0.0,-5.05,0.0
3.8314335346221924,0.0,[1.9800728],0.005,0.1,0.0,-5.05,0.0
3.8413100242614746,0.0,[1.98767317],0.005,0.1,0.0,-5.05,0.0
3.849966526031494,0.0,[1.99535058],0.005,0.1,0.0,-5.05,0.0
3.8589978218078613,0.0,[2.00307309],0.005,0.1,0.0,-5.05,0.0
3.8693900108337402,0.0,[2.01081136],0.005,0.1,0.0,-5.05,0.0
3.8809993267059326,0.0,[2.01856929],0.005,0.1,0.0,-5.05,0.0
3.888929843902588,0.0,[2.02633334],0.005,0.1,0.0,-5.05,0.0
3.900627613067627,0.0,[2.03407428],0.005,0.1,0.0,-5.05,0.0
3.911449432373047,0.0,[2.04182078],0.005,0.1,0.0,-5.05,0.0
3.9199373722076416,0.0,[2.04959462],0.005,0.1,0.0,-5.05,0.0
3.930558919906616,0.0,[2.05735647],0.005,0.1,0.0,-5.05,0.0
3.9413321018218994,0.0,[2.06508271],0.005,0.1,0.0,-5.05,0.0
3.950944185256958,0.0,[2.07276448],0.005,0.1,0.0,-5.05,0.0
3.959940195083618,0.0,[2.0803683],0.005,0.1,0.0,-5.05,0.0
3.971540927886963,0.0,[2.08787504],0.005,0.1,0.0,-5.05,0.0
3.980048179626465,0.0,[2.09528966],0.005,0.1,0.0,-5.05,0.0
3.988947629928589,0.0,[2.10258378],0.005,0.1,0.0,-5.05,0.0
3.9982643127441406,0.0,[2.10971183],0.005,0.1,0.0,-5.05,0.0
4.006921052932739,0.0,[2.1166566],0.005,0.1,0.0,-5.05,0.0
4.01816987991333,-0.00019539871673667023,[2.12342288],0.005,0.1,0.0,-5.05,0.0
4.025944232940674,0.0,[2.13001477],0.005,0.1,0.0,-5.05,0.0
4.0355730056762695,0.0,[2.13641816],0.005,0.1,0.0,-5.05,0.0
4.044189691543579,0.0,[2.14262939],0.005,0.1,0.0,-5.05,0.0
4.051949739456177,0.0,[2.14864694],0.005,0.1,0.0,-5.05,0.0
4.060942888259888,0.0,[2.15444668],0.005,0.1,0.0,-5.05,0.0
4.071473836898804,0.0,[2.16002476],0.005,0.1,0.0,-5.05,0.0
4.080374717712402,0.0,[2.16540875],0.005,0.1,0.0,-5.05,0.0
4.088955879211426,0.0,[2.17060838],0.005,0.1,0.0,-5.05,0.0
4.097948312759399,0.0,[2.17560511],0.005,0.1,0.0,-5.05,0.0
4.106943130493164,0.0,[2.18039143],0.005,0.1,0.0,-5.05,0.0
4.116950750350952,0.0,[2.18498186],0.005,0.1,0.0,-5.05,0.0
4.126396417617798,0.0,[2.18938973],0.005,0.1,0.0,-5.05,0.0
4.135542631149292,0.0,[2.19362087],0.005,0.1,0.0,-5.05,0.0
4.146878957748413,0.0,[2.19769149],0.005,0.1,0.0,-5.05,0.0
4.155957460403442,0.0,[2.20162107],0.005,0.1,0.0,-5.05,0.0
4.165040969848633,0.0,[2.20541094],0.005,0.1,0.0,-5.05,0.0
4.176515102386475,0.0,[2.20906203],0.005,0.1,0.0,-5.05,0.0
4.186973571777344,0.0,[2.21258534],0.005,0.1,0.0,-5.05,0.0
4.195283651351929,0.0,[2.21598184],0.005,0.1,0.0,-5.05,0.0
4.204613924026489,0.0,[2.2192483],0.005,0.1,0.0,-5.05,0.0
4.215312480926514,0.0,[2.2223911],0.005,0.1,0.0,-5.05,0.0
4.225135564804077,0.0,[2.22541636],0.005,0.1,0.0,-5.05,0.0
4.233027458190918,0.0,[2.22832214],0.005,0.1,0.0,-5.05,0.0
4.245617389678955,-0.00019539871673667023,[2.231111],0.005,0.1,0.0,-5.05,0.0
4.256026029586792,0.0,[2.23378969],0.005,0.1,0.0,-5.05,0.0
4.266344785690308,0.0,[2.23635442],0.005,0.1,0.0,-5.05,0.0
4.280035495758057,0.0,[2.23880275],0.005,0.1,0.0,-5.05,0.0
4.2910003662109375,0.0,[2.24114032],0.005,0.1,0.0,-5.05,0.0
4.300946474075317,0.0,[2.2433697],0.005,0.1,0.0,-5.05,0.0
4.310438871383667,0.0,[2.24549375],0.005,0.1,0.0,-5.05,0.0
4.319024562835693,0.0,[2.2475188],0.005,0.1,0.0,-5.05,0.0
4.330046653747559,0.0,[2.24945084],0.005,0.1,0.0,-5.05,0.0
4.338924169540405,0.0,[2.2512955],0.005,0.1,0.0,-5.05,0.0
4.3498170375823975,0.0,[2.25306048],0.005,0.1,0.0,-5.05,0.0
4.3579535484313965,0.0,[2.25475276],0.005,0.1,0.0,-5.05,0.0
4.367013692855835,0.0,[2.25637379],0.005,0.1,0.0,-5.05,0.0
4.37626051902771,0.0,[2.25792735],0.005,0.1,0.0,-5.05,0.0
4.384040832519531,0.0,[2.25941727],0.005,0.1,0.0,-5.05,0.0
4.392005920410156,0.0,[2.2608385],0.005,0.1,0.0,-5.05,0.0
4.401890516281128,0.0,[2.26218746],0.005,0.1,0.0,-5.05,0.0
4.410901069641113,0.0,[2.26347029],0.005,0.1,0.0,-5.05,0.0
4.419939041137695,0.0,[2.26469474],0.005,0.1,0.0,-5.05,0.0
4.42803955078125,0.0,[2.26586185],0.005,0.1,0.0,-5.05,0.0
4.44136118888855,0.0,[2.26697451],0.005,0.1,0.0,-5.05,0.0
4.44992733001709,0.0,[2.26804287],0.005,0.1,0.0,-5.05,0.0
4.457918167114258,0.0,[2.26907056],0.005,0.1,0.0,-5.05,0.0
4.467205762863159,0.0,[2.27005549],0.005,0.1,0.0,-5.05,0.0
4.477548837661743,0.0,[2.27100263],0.005,0.1,0.0,-5.05,0.0
4.4869325160980225,0.0,[2.27191943],0.005,0.1,0.0,-5.05,0.0
4.4949116706848145,0.0,[2.27280619],0.005,0.1,0.0,-5.05,0.0
4.504665374755859,0.0,[2.27366165],0.005,0.1,0.0,-5.05,0.0
4.5145180225372314,0.0,[2.27449045],0.005,0.1,0.0,-5.05,0.0
4.522040128707886,0.0,[2.27529528],0.005,0.1,0.0,-5.05,0.0
4.531348943710327,0.0,[2.27607427],0.005,0.1,0.0,-5.05,0.0
4.540057897567749,0.0,[2.27682826],0.005,0.1,0.0,-5.05,0.0
4.548938989639282,0.0,[2.27755953],0.005,0.1,0.0,-5.05,0.0
4.55993127822876,0.0,[2.27826796],0.005,0.1,0.0,-5.05,0.0
4.569930076599121,0.0,[2.27898627],0.005,0.1,0.0,-5.05,0.0
4.5819244384765625,0.0,[2.2797832],0.005,0.1,0.0,-5.05,0.0
4.5898966789245605,0.0,[2.28068828],0.005,0.1,0.0,-5.05,0.0
4.6013641357421875,0.0,[2.28169533],0.005,0.1,0.0,-5.05,0.0
4.611942291259766,0.0,[2.28281198],0.005,0.1,0.0,-5.05,0.0
4.620953321456909,0.0,[2.28404267],0.005,0.1,0.0,-5.05,0.0
4.629295587539673,0.0,[2.28537547],0.005,0.1,0.0,-5.05,0.0
4.639913082122803,0.0,[2.28679803],0.005,0.1,0.0,-5.05,0.0
4.651938438415527,0.0,[2.28830598],0.005,0.1,0.0,-5.05,0.0
4.660844326019287,0.0,[2.28989365],0.005,0.1,0.0,-5.05,0.0
4.671837329864502,0.0,[2.29155371],0.005,0.1,0.0,-5.05,0.0
4.682093620300293,0.0,[2.29328483],0.005,0.1,0.0,-5.05,0.0
4.690908670425415,0.0,[2.29508053],0.005,0.1,0.0,-5.05,0.0
4.7013678550720215,0.0,[2.29692667],0.005,0.1,0.0,-5.05,0.0
4.714121341705322,0.0,[2.29881561],0.005,0.1,0.0,-5.05,0.0
4.722138404846191,0.0,[2.30073967],0.005,0.1,0.0,-5.05,0.0
4.732240676879883,0.0,[2.30268254],0.005,0.1,0.0,-5.05,0.0
4.7419610023498535,0.0,[2.3046322],0.005,0.1,0.0,-5.05,0.0
4.751604795455933,0.0,[2.30658301],0.005,0.1,0.0,-5.05,0.0
4.758950471878052,0.0,[2.30852455],0.005,0.1,0.0,-5.05,0.0
4.770465612411499,0.0,[2.310445],0.005,0.1,0.0,-5.05,0.0
4.781004190444946,0.0,[2.31234112],0.005,0.1,0.0,-5.05,0.0
4.788976430892944,0.0,[2.31420788],0.005,0.1,0.0,-5.05,0.0
4.799882888793945,0.0,[2.31603428],0.005,0.1,0.0,-5.05,0.0
4.8083155155181885,0.0,[2.31781259],0.005,0.1,0.0,-5.05,0.0
4.818873882293701,0.0,[2.31952414],0.005,0.1,0.0,-5.05,0.0
4.826882600784302,0.0,[2.32113885],0.005,0.1,0.0,-5.05,0.0
4.835969686508179,0.0,[2.32264448],0.005,0.1,0.0,-5.05,0.0
4.845972537994385,0.0,[2.32404642],0.005,0.1,0.0,-5.05,0.0
4.8538994789123535,0.0,[2.32534826],0.005,0.1,0.0,-5.05,0.0
4.863991737365723,0.0,[2.32655],0.005,0.1,0.0,-5.05,0.0
4.873752593994141,0.0,[2.32765236],0.005,0.1,0.0,-5.05,0.0
4.883210897445679,0.0,[2.32865748],0.005,0.1,0.0,-5.05,0.0
4.891908884048462,0.0,[2.32956817],0.005,0.1,0.0,-5.05,0.0
4.900900602340698,0.0,[2.3303876],0.005,0.1,0.0,-5.05,0.0
4.910883665084839,0.0,[2.33111974],0.005,0.1,0.0,-5.05,0.0
4.919908761978149,0.0,[2.33176935],0.005,0.1,0.0,-5.05,0.0
4.930314302444458,0.0,[2.3323415],0.005,0.1,0.0,-5.05,0.0
4.939079999923706,0.0,[2.33284158],0.005,0.1,0.0,-5.05,0.0
4.947993040084839,0.0,[2.33327519],0.005,0.1,0.0,-5.05,0.0
4.955868244171143,0.0,[2.33364771],0.005,0.1,0.0,-5.05,0.0
4.964642286300659,0.0,[2.33396408],0.005,0.1,0.0,-5.05,0.0
4.973112344741821,0.0,[2.33422933],0.005,0.1,0.0,-5.05,0.0
4.981905937194824,0.0,[2.3344486],0.005,0.1,0.0,-5.05,0.0
4.989893674850464,0.0,[2.33462661],0.005,0.1,0.0,-5.05,0.0
4.999677419662476,0.0,[2.33476773],0.005,0.1,0.0,-5.05,0.0
5.009280204772949,0.0,[2.33487653],0.005,0.1,0.0,-5.05,0.0
5.019343614578247,0.0,[2.33495749],0.005,0.1,0.0,-5.05,0.0
5.026904344558716,0.0,[2.33501453],0.005,0.1,0.0,-5.05,0.0
5.037558078765869,0.0,[2.33505115],0.005,0.1,0.0,-5.05,0.0
5.0479114055633545,0.0,[2.33507091],0.005,0.1,0.0,-5.05,0.0
5.055894613265991,0.0,[2.33507694],0.005,0.1,0.0,-5.05,0.0
5.0669167041778564,0.0,[2.33507174],0.005,0.1,0.0,-5.05,0.0
5.077977657318115,0.0,[2.3350579],0.005,0.1,0.0,-5.05,0.0
5.088859796524048,0.0,[2.33503793],0.005,0.1,0.0,-5.05,0.0
5.097322225570679,0.0,[2.33501371],0.005,0.1,0.0,-5.05,0.0
5.105930328369141,0.0,[2.33498666],0.005,0.1,0.0,-5.05,0.0
5.114936828613281,0.0,[2.33495813],0.005,0.1,0.0,-5.05,0.0
5.122922897338867,0.0,[2.33492929],0.005,0.1,0.0,-5.05,0.0
5.132927656173706,0.0,[2.33490102],0.005,0.1,0.0,-5.05,0.0
5.143320798873901,0.0,[2.33487437],0.005,0.1,0.0,-5.05,0.0
5.152904272079468,0.0,[2.33485047],0.005,0.1,0.0,-5.05,0.0
5.160872220993042,0.0,[2.33482978],0.005,0.1,0.0,-5.05,0.0
5.172720909118652,0.0,[2.33481253],0.005,0.1,0.0,-5.05,0.0
5.1828835010528564,0.0,[2.33479934],0.005,0.1,0.0,-5.05,0.0
5.190880537033081,0.0,[2.33479054],0.005,0.1,0.0,-5.05,0.0
5.199923992156982,0.0,[2.33478603],0.005,0.1,0.0,-5.05,0.0
5.209347248077393,-0.00019539871673667023,[2.33478591],0.005,0.1,0.0,-5.05,0.0
5.218099594116211,0.0,[2.33479041],0.005,0.1,0.0,-5.05,0.0
5.225882053375244,0.0,[2.33479945],0.005,0.1,0.0,-5.05,0.0
5.2370710372924805,0.0,[2.33481278],0.005,0.1,0.0,-5.05,0.0
5.246856689453125,0.0,[2.33483039],0.005,0.1,0.0,-5.05,0.0
5.2548651695251465,0.0,[2.33485197],0.005,0.1,0.0,-5.05,0.0
5.265876054763794,0.0,[2.33487698],0.005,0.1,0.0,-5.05,0.0
5.274856090545654,0.0,[2.33490525],0.005,0.1,0.0,-5.05,0.0
5.28434944152832,0.0,[2.33493686],0.005,0.1,0.0,-5.05,0.0
5.29186224937439,0.0,[2.33497157],0.005,0.1,0.0,-5.05,0.0
5.300879955291748,0.0,[2.33500881],0.005,0.1,0.0,-5.05,0.0
5.311463356018066,0.0,[2.3350483],0.005,0.1,0.0,-5.05,0.0
5.3189003467559814,0.0,[2.33509],0.005,0.1,0.0,-5.05,0.0
5.32771897315979,0.0,[2.33513349],0.005,0.1,0.0,-5.05,0.0
5.3376171588897705,0.0,[2.33517839],0.005,0.1,0.0,-5.05,0.0
5.348342418670654,0.0,[2.33522482],0.005,0.1,0.0,-5.05,0.0
5.356917142868042,0.0,[2.33527287],0.005,0.1,0.0,-5.05,0.0
5.365886926651001,0.0,[2.33532214],0.005,0.1,0.0,-5.05,0.0
5.374840259552002,0.0,[2.33537227],0.005,0.1,0.0,-5.05,0.0
5.382869720458984,0.0,[2.33542317],0.005,0.1,0.0,-5.05,0.0
5.390885353088379,0.0,[2.33547456],0.005,0.1,0.0,-5.05,0.0
5.400861740112305,0.0,[2.33552603],0.005,0.1,0.0,-5.05,0.0
5.410870790481567,0.0,[2.33557761],0.005,0.1,0.0,-5.05,0.0
5.420947551727295,0.0,[2.33562955],0.005,0.1,0.0,-5.05,0.0
5.429305553436279,0.0,[2.33568193],0.005,0.1,0.0,-5.05,0.0
5.438081979751587,0.0,[2.33573471],0.005,0.1,0.0,-5.05,0.0
5.447877645492554,0.0,[2.33578785],0.005,0.1,0.0,-5.05,0.0
5.455968379974365,0.0,[2.33584108],0.005,0.1,0.0,-5.05,0.0
5.4683144092559814,0.0,[2.33589416],0.005,0.1,0.0,-5.05,0.0
5.47986626625061,0.0,[2.33594735],0.005,0.1,0.0,-5.05,0.0
5.48785662651062,0.0,[2.33600087],0.005,0.1,0.0,-5.05,0.0
5.497201442718506,0.0,[2.33605457],0.005,0.1,0.0,-5.05,0.0
5.50685453414917,0.0,[2.33610831],0.005,0.1,0.0,-5.05,0.0
5.516842365264893,0.0,[2.3361622],0.005,0.1,0.0,-5.05,0.0
5.524955987930298,0.0,[2.33621623],0.005,0.1,0.0,-5.05,0.0
5.535417318344116,0.0,[2.33627027],0.005,0.1,0.0,-5.05,0.0
5.546059846878052,0.0,[2.33632454],0.005,0.1,0.0,-5.05,0.0
5.554894685745239,0.0,[2.33637924],0.005,0.1,0.0,-5.05,0.0
5.564051151275635,0.0,[2.33643416],0.005,0.1,0.0,-5.05,0.0
5.575118064880371,0.0,[2.33648925],0.005,0.1,0.0,-5.05,0.0
5.585875034332275,0.0,[2.33654468],0.005,0.1,0.0,-5.05,0.0
5.597117185592651,0.0,[2.33660047],0.005,0.1,0.0,-5.05,0.0
5.605489253997803,0.0,[2.33665655],0.005,0.1,0.0,-5.05,0.0
5.616558790206909,0.0,[2.33671292],0.005,0.1,0.0,-5.05,0.0
5.624959468841553,0.0,[2.33676958],0.005,0.1,0.0,-5.05,0.0
5.635207653045654,0.0,[2.33682631],0.005,0.1,0.0,-5.05,0.0
5.6458868980407715,0.0,[2.33688315],0.005,0.1,0.0,-5.05,0.0
5.6549232006073,0.0,[2.3369402],0.005,0.1,0.0,-5.05,0.0
5.664904356002808,0.0,[2.33699724],0.005,0.1,0.0,-5.05,0.0
5.674907207489014,0.0,[2.33705414],0.005,0.1,0.0,-5.05,0.0
5.6858391761779785,0.0,[2.33711104],0.005,0.1,0.0,-5.05,0.0
5.693856477737427,0.0,[2.33716782],0.005,0.1,0.0,-5.05,0.0
5.703845262527466,0.0,[2.33722419],0.005,0.1,0.0,-5.05,0.0
5.713672399520874,0.0,[2.33728009],0.005,0.1,0.0,-5.05,0.0
5.721842050552368,0.0,[2.33733549],0.005,0.1,0.0,-5.05,0.0
5.730349063873291,0.0,[2.33739015],0.005,0.1,0.0,-5.05,0.0
5.740460157394409,0.0,[2.33744409],0.005,0.1,0.0,-5.05,0.0
5.749347686767578,0.0,[2.33749749],0.005,0.1,0.0,-5.05,0.0
5.756833076477051,0.0,[2.33755033],0.005,0.1,0.0,-5.05,0.0
5.765820741653442,0.0,[2.33760231],0.005,0.1,0.0,-5.05,0.0
5.776843309402466,0.0,[2.33765336],0.005,0.1,0.0,-5.05,0.0
5.785872220993042,0.0,[2.3377037],0.005,0.1,0.0,-5.05,0.0
5.794435501098633,0.0,[2.33775337],0.005,0.1,0.0,-5.05,0.0
5.802836656570435,0.0,[2.33780227],0.005,0.1,0.0,-5.05,0.0
5.812176942825317,0.0,[2.33785053],0.005,0.1,0.0,-5.05,0.0
5.821871042251587,0.0,[2.33789825],0.005,0.1,0.0,-5.05,0.0
5.830127954483032,0.0,[2.33794536],0.005,0.1,0.0,-5.05,0.0
5.839782953262329,0.0,[2.33799177],0.005,0.1,0.0,-5.05,0.0
5.85007643699646,0.0,[2.33803762],0.005,0.1,0.0,-5.05,0.0
5.857840299606323,0.0,[2.33808292],0.005,0.1,0.0,-5.05,0.0
5.868526458740234,0.0,[2.33812761],0.005,0.1,0.0,-5.05,0.0
5.880436897277832,0.0,[2.33817196],0.005,0.1,0.0,-5.05,0.0
5.88885760307312,0.0,[2.3382163],0.005,0.1,0.0,-5.05,0.0
5.897310495376587,0.0,[2.33826056],0.005,0.1,0.0,-5.05,0.0
5.906821250915527,0.0,[2.33830458],0.005,0.1,0.0,-5.05,0.0
5.91684103012085,0.0,[2.33834841],0.005,0.1,0.0,-5.05,0.0
5.924822092056274,0.0,[2.338392],0.005,0.1,0.0,-5.05,0.0
5.9342405796051025,0.0,[2.33843521],0.005,0.1,0.0,-5.05,0.0
5.944492340087891,0.0,[2.33847819],0.005,0.1,0.0,-5.05,0.0
5.9555768966674805,0.0,[2.33852113],0.005,0.1,0.0,-5.05,0.0
5.963508129119873,0.0,[2.33856402],0.005,0.1,0.0,-5.05,0.0
5.973183631896973,0.0,[2.33860679],0.005,0.1,0.0,-5.05,0.0
5.982867240905762,0.0,[2.33864936],0.005,0.1,0.0,-5.05,0.0
5.990831136703491,0.0,[2.33869152],0.005,0.1,0.0,-5.05,0.0
6.000485181808472,0.0,[2.33873306],0.005,0.1,0.0,-5.05,0.0
6.009956121444702,0.0,[2.33877411],0.005,0.1,0.0,-5.05,0.0
6.0188047885894775,0.0,[2.33881483],0.005,0.1,0.0,-5.05,0.0
6.0268638134002686,0.0,[2.33885515],0.005,0.1,0.0,-5.05,0.0
6.037028551101685,0.0,[2.33889493],0.005,0.1,0.0,-5.05,0.0
6.0458855628967285,0.0,[2.33893417],0.005,0.1,0.0,-5.05,0.0
6.054792881011963,0.0,[2.33897276],0.005,0.1,0.0,-5.05,0.0
6.065841436386108,0.0,[2.33901661],0.005,0.1,0.0,-5.05,0.0
6.07776141166687,0.0,[2.33907714],0.005,0.1,0.0,-5.05,0.0
6.086807012557983,0.0,[2.33915794],0.005,0.1,0.0,-5.05,0.0
6.094844341278076,0.0,[2.33925526],0.005,0.1,0.0,-5.05,0.0
6.105221509933472,0.0,[2.33936515],0.005,0.1,0.0,-5.05,0.0
6.114068269729614,0.0,[2.33948287],0.005,0.1,0.0,-5.05,0.0
6.121829986572266,0.0,[2.33960357],0.005,0.1,0.0,-5.05,0.0
6.1313230991363525,0.0,[2.33972274],0.005,0.1,0.0,-5.05,0.0
6.14018177986145,0.0,[2.33983368],0.005,0.1,0.0,-5.05,0.0
6.147822141647339,0.0,[2.33992887],0.005,0.1,0.0,-5.05,0.0
6.155834197998047,0.0,[2.34000308],0.005,0.1,0.0,-5.05,0.0
6.1644439697265625,0.0,[2.34005259],0.005,0.1,0.0,-5.05,0.0
6.175157785415649,0.0,[2.34007205],0.005,0.1,0.0,-5.05,0.0
6.183875799179077,0.0,[2.34005471],0.005,0.1,0.0,-5.05,0.0
6.1922266483306885,0.0,[2.33999644],0.005,0.1,0.0,-5.05,0.0
6.202565908432007,0.0,[2.33989316],0.005,0.1,0.0,-5.05,0.0
6.213925123214722,0.0,[2.3397336],0.005,0.1,0.0,-5.05,0.0
6.222833871841431,0.0,[2.33950518],0.005,0.1,0.0,-5.05,0.0
6.231793642044067,0.0,[2.3392051],0.005,0.1,0.0,-5.05,0.0
6.242219686508179,0.0,[2.3388306],0.005,0.1,0.0,-5.05,0.0
6.25080943107605,0.0,[2.3383738],0.005,0.1,0.0,-5.05,0.0
6.259503602981567,0.0,[2.33783473],0.005,0.1,0.0,-5.05,0.0
6.270822048187256,0.0,[2.33721704],0.005,0.1,0.0,-5.05,0.0
6.279817342758179,0.0,[2.33651806],0.005,0.1,0.0,-5.05,0.0
6.287874698638916,0.0,[2.33573631],0.005,0.1,0.0,-5.05,0.0
6.29631233215332,0.0,[2.33487808],0.005,0.1,0.0,-5.05,0.0
6.308424234390259,0.0,[2.33394617],0.005,0.1,0.0,-5.05,0.0
6.316845893859863,0.0,[2.33293721],0.005,0.1,0.0,-5.05,0.0
6.324831008911133,0.0,[2.3318594],0.005,0.1,0.0,-5.05,0.0
6.335192441940308,0.0,[2.330724],0.005,0.1,0.0,-5.05,0.0
6.3438427448272705,0.0,[2.32953137],0.005,0.1,0.0,-5.05,0.0
6.3538596630096436,-0.00019539871673667023,[2.32828275],0.005,0.1,0.0,-5.05,0.0
6.362480878829956,0.0,[2.32698348],0.005,0.1,0.0,-5.05,0.0
6.37261438369751,0.0,[2.32563896],0.005,0.1,0.0,-5.05,0.0
6.382842540740967,-0.00019539871673667023,[2.32425158],0.005,0.1,0.0,-5.05,0.0
6.390818357467651,0.0,[2.32282725],0.005,0.1,0.0,-5.05,0.0
6.39984393119812,0.0,[2.32137791],0.005,0.1,0.0,-5.05,0.0
6.411114931106567,0.0,[2.31990546],0.005,0.1,0.0,-5.05,0.0
6.426859140396118,0.0,[2.31840629],0.005,0.1,0.0,-5.05,0.0
6.4392006397247314,0.0,[2.31688411],0.005,0.1,0.0,-5.05,0.0
6.448893308639526,0.0,[2.31534573],0.005,0.1,0.0,-5.05,0.0
6.456934928894043,0.0,[2.31380275],0.005,0.1,0.0,-5.05,0.0
6.4660890102386475,0.0,[2.31226798],0.005,0.1,0.0,-5.05,0.0
6.476487159729004,0.0,[2.31074219],0.005,0.1,0.0,-5.05,0.0
6.487077951431274,0.0,[2.30922131],0.005,0.1,0.0,-5.05,0.0
6.496706247329712,0.0,[2.30770976],0.005,0.1,0.0,-5.05,0.0
6.506331920623779,0.0,[2.30621466],0.005,0.1,0.0,-5.05,0.0
6.515803813934326,0.0,[2.30475341],0.005,0.1,0.0,-5.05,0.0
6.5238001346588135,0.0,[2.30335744],0.005,0.1,0.0,-5.05,0.0
6.53513503074646,0.0,[2.30204105],0.005,0.1,0.0,-5.05,0.0
6.54581880569458,0.0,[2.30079911],0.005,0.1,0.0,-5.05,0.0
6.554869651794434,0.0,[2.29962975],0.005,0.1,0.0,-5.05,0.0
6.563563108444214,0.0,[2.29853512],0.005,0.1,0.0,-5.05,0.0
6.573402166366577,0.0,[2.29751618],0.005,0.1,0.0,-5.05,0.0
6.581854820251465,0.0,[2.29657246],0.005,0.1,0.0,-5.05,0.0
6.589914083480835,0.0,[2.29570329],0.005,0.1,0.0,-5.05,0.0
6.59988808631897,0.0,[2.29490748],0.005,0.1,0.0,-5.05,0.0
6.613871335983276,0.0,[2.29418162],0.005,0.1,0.0,-5.05,0.0
6.622807741165161,0.0,[2.29352109],0.005,0.1,0.0,-5.05,0.0
6.631814479827881,0.0,[2.29292236],0.005,0.1,0.0,-5.05,0.0
6.640849828720093,0.0,[2.2923823],0.005,0.1,0.0,-5.05,0.0
6.650850772857666,0.0,[2.29189725],0.005,0.1,0.0,-5.05,0.0
6.659136533737183,0.0,[2.2914637],0.005,0.1,0.0,-5.05,0.0
6.669269561767578,0.0,[2.29107808],0.005,0.1,0.0,-5.05,0.0
6.679831027984619,0.0,[2.29073629],0.005,0.1,0.0,-5.05,0.0
6.689836502075195,0.0,[2.29043432],0.005,0.1,0.0,-5.05,0.0
6.69983172416687,0.0,[2.29016879],0.005,0.1,0.0,-5.05,0.0
6.708246231079102,0.0,[2.28993641],0.005,0.1,0.0,-5.05,0.0
6.716852903366089,0.0,[2.28973377],0.005,0.1,0.0,-5.05,0.0
6.725522756576538,0.0,[2.28955784],0.005,0.1,0.0,-5.05,0.0
6.734194278717041,0.0,[2.28940018],0.005,0.1,0.0,-5.05,0.0
6.74469780921936,0.0,[2.28924539],0.005,0.1,0.0,-5.05,0.0
6.753787517547607,0.0,[2.28908273],0.005,0.1,0.0,-5.05,0.0
6.762401103973389,0.0,[2.28890931],0.005,0.1,0.0,-5.05,0.0
6.77116847038269,0.0,[2.28872335],0.005,0.1,0.0,-5.05,0.0
6.779829502105713,0.0,[2.28852245],0.005,0.1,0.0,-5.05,0.0
6.787787437438965,0.0,[2.28830694],0.005,0.1,0.0,-5.05,0.0
6.797114610671997,0.0,[2.28807818],0.005,0.1,0.0,-5.05,0.0
6.80626368522644,0.0,[2.28783342],0.005,0.1,0.0,-5.05,0.0
6.81631326675415,0.0,[2.28756725],0.005,0.1,0.0,-5.05,0.0
6.823803901672363,0.0,[2.28727754],0.005,0.1,0.0,-5.05,0.0
6.832122087478638,0.0,[2.28696698],0.005,0.1,0.0,-5.05,0.0
6.840785980224609,0.0,[2.28663768],0.005,0.1,0.0,-5.05,0.0
6.849209308624268,0.0,[2.28628763],0.005,0.1,0.0,-5.05,0.0
6.856928825378418,0.0,[2.28591496],0.005,0.1,0.0,-5.05,0.0
6.867909669876099,0.0,[2.28551729],0.005,0.1,0.0,-5.05,0.0
6.878781795501709,0.0,[2.28508476],0.005,0.1,0.0,-5.05,0.0
6.887796878814697,0.0,[2.28460811],0.005,0.1,0.0,-5.05,0.0
6.897482395172119,0.0,[2.28408616],0.005,0.1,0.0,-5.05,0.0
6.907367467880249,0.0,[2.28351699],0.005,0.1,0.0,-5.05,0.0
6.917802333831787,0.0,[2.28289135],0.005,0.1,0.0,-5.05,0.0
6.926668167114258,0.0,[2.28220047],0.005,0.1,0.0,-5.05,0.0
6.93755316734314,0.0,[2.28143918],0.005,0.1,0.0,-5.05,0.0
6.94931435585022,0.0,[2.28059239],0.005,0.1,0.0,-5.05,0.0
6.957778453826904,0.0,[2.27964669],0.005,0.1,0.0,-5.05,0.0
6.96882700920105,0.0,[2.27860455],0.005,0.1,0.0,-5.05,0.0
6.980221748352051,0.0,[2.27745628],0.005,0.1,0.0,-5.05,0.0
6.988800287246704,0.0,[2.2761886],0.005,0.1,0.0,-5.05,0.0
6.997797250747681,0.0,[2.27481347],0.005,0.1,0.0,-5.05,0.0
7.008159399032593,0.0,[2.27333524],0.005,0.1,0.0,-5.05,0.0
7.016839981079102,0.0,[2.27174042],0.005,0.1,0.0,-5.05,0.0
7.024810314178467,0.0,[2.27003706],0.005,0.1,0.0,-5.05,0.0
7.034108877182007,0.0,[2.26824539],0.005,0.1,0.0,-5.05,0.0
7.0440497398376465,0.0,[2.26636513],0.005,0.1,0.0,-5.05,0.0
7.051790475845337,0.0,[2.26439117],0.005,0.1,0.0,-5.05,0.0
7.059919118881226,0.0,[2.26233303],0.005,0.1,0.0,-5.05,0.0
7.069789171218872,0.0,[2.26020059],0.005,0.1,0.0,-5.05,0.0
7.080895900726318,0.0,[2.25799232],0.005,0.1,0.0,-5.05,0.0
7.090798377990723,0.0,[2.2557091],0.005,0.1,0.0,-5.05,0.0
7.101229190826416,0.0,[2.25338487],0.005,0.1,0.0,-5.05,0.0
7.11077094078064,0.0,[2.2510722],0.005,0.1,0.0,-5.05,0.0
7.119171142578125,0.0,[2.2487936],0.005,0.1,0.0,-5.05,0.0
7.1268346309661865,0.0,[2.24655637],0.005,0.1,0.0,-5.05,0.0
7.139266014099121,0.0,[2.24437339],0.005,0.1,0.0,-5.05,0.0
7.1484174728393555,0.0,[2.2422511],0.005,0.1,0.0,-5.05,0.0
7.156773567199707,0.0,[2.24019622],0.005,0.1,0.0,-5.05,0.0
7.1666789054870605,0.0,[2.23821909],0.005,0.1,0.0,-5.05,0.0
7.177865982055664,0.0,[2.23632407],0.005,0.1,0.0,-5.05,0.0
7.187748432159424,0.0,[2.23451187],0.005,0.1,0.0,-5.05,0.0
7.195780992507935,0.0,[2.23278738],0.005,0.1,0.0,-5.05,0.0
7.205734491348267,0.0,[2.23115644],0.005,0.1,0.0,-5.05,0.0
7.2151618003845215,0.0,[2.22961978],0.005,0.1,0.0,-5.05,0.0
7.222737789154053,0.0,[2.22817642],0.005,0.1,0.0,-5.05,0.0
7.231381416320801,0.0,[2.22682787],0.005,0.1,0.0,-5.05,0.0
7.245502710342407,0.0,[2.22557437],0.005,0.1,0.0,-5.05,0.0
7.254448413848877,-0.00019539871673667023,[2.22441377],0.005,0.1,0.0,-5.05,0.0
7.261778354644775,0.0,[2.22334484],0.005,0.1,0.0,-5.05,0.0
7.270983457565308,0.0,[2.22236717],0.005,0.1,0.0,-5.05,0.0
7.280807256698608,0.0,[2.22147993],0.005,0.1,0.0,-5.05,0.0
7.288754940032959,0.0,[2.2206819],0.005,0.1,0.0,-5.05,0.0
7.297389268875122,0.0,[2.21997109],0.005,0.1,0.0,-5.05,0.0
7.30703330039978,0.0,[2.21934597],0.005,0.1,0.0,-5.05,0.0
7.3168535232543945,0.0,[2.21880643],0.005,0.1,0.0,-5.05,0.0
7.325322389602661,0.0,[2.21835067],0.005,0.1,0.0,-5.05,0.0
7.3338494300842285,0.0,[2.21797386],0.005,0.1,0.0,-5.05,0.0
7.344197034835815,0.0,[2.21767305],0.005,0.1,0.0,-5.05,0.0
7.353754281997681,0.0,[2.21744769],0.005,0.1,0.0,-5.05,0.0
7.363570690155029,0.0,[2.21729492],0.005,0.1,0.0,-5.05,0.0
7.375388145446777,0.0,[2.21721214],0.005,0.1,0.0,-5.05,0.0
7.384796619415283,0.0,[2.21720024],0.005,0.1,0.0,-5.05,0.0
7.393773555755615,0.0,[2.21725831],0.005,0.1,0.0,-5.05,0.0
7.406527996063232,0.0,[2.21738416],0.005,0.1,0.0,-5.05,0.0
7.416843414306641,0.0,[2.2175768],0.005,0.1,0.0,-5.05,0.0
7.424756288528442,0.0,[2.21783048],0.005,0.1,0.0,-5.05,0.0
7.434813737869263,0.0,[2.21813692],0.005,0.1,0.0,-5.05,0.0
7.4450523853302,0.0,[2.21849462],0.005,0.1,0.0,-5.05,0.0
7.455587148666382,0.0,[2.21890649],0.005,0.1,0.0,-5.05,0.0
7.463754892349243,0.0,[2.21936987],0.005,0.1,0.0,-5.05,0.0
7.474714517593384,0.0,[2.21987889],0.005,0.1,0.0,-5.05,0.0
7.485760927200317,0.0,[2.22043309],0.005,0.1,0.0,-5.05,0.0
7.493821144104004,0.0,[2.22102993],0.005,0.1,0.0,-5.05,0.0
7.505602598190308,-0.00019539871673667023,[2.22166358],0.005,0.1,0.0,-5.05,0.0
7.514772891998291,0.0,[2.22233382],0.005,0.1,0.0,-5.05,0.0
7.524745225906372,0.0,[2.22304012],0.005,0.1,0.0,-5.05,0.0
7.533469915390015,0.0,[2.22377648],0.005,0.1,0.0,-5.05,0.0
7.544243812561035,0.0,[2.22453925],0.005,0.1,0.0,-5.05,0.0
7.553764343261719,0.0,[2.22532859],0.005,0.1,0.0,-5.05,0.0
7.563102960586548,0.0,[2.22614084],0.005,0.1,0.0,-5.05,0.0
7.5727245807647705,0.0,[2.2269709],0.005,0.1,0.0,-5.05,0.0
7.5841896533966064,0.0,[2.22781781],0.005,0.1,0.0,-5.05,0.0
7.593748569488525,0.0,[2.22868062],0.005,0.1,0.0,-5.05,0.0
7.602841138839722,0.0,[2.22955651],0.005,0.1,0.0,-5.05,0.0
7.610729932785034,0.0,[2.23044296],0.005,0.1,0.0,-5.05,0.0
7.621735572814941,0.0,[2.23133767],0.005,0.1,0.0,-5.05,0.0
7.630429029464722,0.0,[2.23223864],0.005,0.1,0.0,-5.05,0.0
7.638273477554321,0.0,[2.23314409],0.005,0.1,0.0,-5.05,0.0
7.647702217102051,0.0,[2.23405429],0.005,0.1,0.0,-5.05,0.0
7.658738613128662,0.0,[2.23497121],0.005,0.1,0.0,-5.05,0.0
7.667736053466797,0.0,[2.23589455],0.005,0.1,0.0,-5.05,0.0
7.678369045257568,0.0,[2.23682395],0.005,0.1,0.0,-5.05,0.0
7.68777060508728,0.0,[2.23776077],0.005,0.1,0.0,-5.05,0.0
7.696356773376465,0.0,[2.23870247],0.005,0.1,0.0,-5.05,0.0
7.706875562667847,0.0,[2.23964674],0.005,0.1,0.0,-5.05,0.0
7.715805768966675,0.0,[2.24059511],0.005,0.1,0.0,-5.05,0.0
7.723757743835449,0.0,[2.24154528],0.005,0.1,0.0,-5.05,0.0
7.732475280761719,0.0,[2.24249166],0.005,0.1,0.0,-5.05,0.0
7.745249509811401,0.0,[2.24343303],0.005,0.1,0.0,-5.05,0.0
7.754743337631226,0.0,[2.24437184],0.005,0.1,0.0,-5.05,0.0
7.763017892837524,0.0,[2.24530666],0.005,0.1,0.0,-5.05,0.0
7.774746656417847,0.0,[2.24623454],0.005,0.1,0.0,-5.05,0.0
7.784807205200195,0.0,[2.24715641],0.005,0.1,0.0,-5.05,0.0
7.79372501373291,0.0,[2.24807304],0.005,0.1,0.0,-5.05,0.0
7.8030619621276855,0.0,[2.24898336],0.005,0.1,0.0,-5.05,0.0
7.812711238861084,0.0,[2.24988813],0.005,0.1,0.0,-5.05,0.0
7.820762872695923,0.0,[2.25078632],0.005,0.1,0.0,-5.05,0.0
7.829390048980713,0.0,[2.2516722],0.005,0.1,0.0,-5.05,0.0
7.838690280914307,0.0,[2.25254262],0.005,0.1,0.0,-5.05,0.0
7.85007381439209,0.0,[2.25340143],0.005,0.1,0.0,-5.05,0.0
7.85798716545105,-0.00019539871673667023,[2.25425191],0.005,0.1,0.0,-5.05,0.0
7.8657636642456055,0.0,[2.25508904],0.005,0.1,0.0,-5.05,0.0
7.875732660293579,0.0,[2.25590713],0.005,0.1,0.0,-5.05,0.0
7.88478684425354,0.0,[2.25670772],0.005,0.1,0.0,-5.05,0.0
7.892735004425049,0.0,[2.25749229],0.005,0.1,0.0,-5.05,0.0
7.904962778091431,0.0,[2.25826064],0.005,0.1,0.0,-5.05,0.0
7.914733409881592,0.0,[2.25901713],0.005,0.1,0.0,-5.05,0.0
7.923746824264526,0.0,[2.25976548],0.005,0.1,0.0,-5.05,0.0
7.931777000427246,0.0,[2.26050445],0.005,0.1,0.0,-5.05,0.0
7.942358732223511,0.0,[2.26123294],0.005,0.1,0.0,-5.05,0.0
7.95172643661499,0.0,[2.26195287],0.005,0.1,0.0,-5.05,0.0
7.959841728210449,0.0,[2.26266451],0.005,0.1,0.0,-5.05,0.0
7.970069646835327,0.0,[2.26336664],0.005,0.1,0.0,-5.05,0.0
7.979602336883545,0.0,[2.26406091],0.005,0.1,0.0,-5.05,0.0
7.988820552825928,0.0,[2.26474867],0.005,0.1,0.0,-5.05,0.0
7.996802806854248,0.0,[2.26542844],0.005,0.1,0.0,-5.05,0.0
8.005751371383667,0.0,[2.26609769],0.005,0.1,0.0,-5.05,0.0
8.015748262405396,0.0,[2.26675673],0.005,0.1,0.0,-5.05,0.0
8.023722887039185,0.0,[2.26740593],0.005,0.1,0.0,-5.05,0.0
8.034782886505127,0.0,[2.26804315],0.005,0.1,0.0,-5.05,0.0
8.046783447265625,0.0,[2.26867009],0.005,0.1,0.0,-5.05,0.0
8.056735515594482,0.0,[2.26929153],0.005,0.1,0.0,-5.05,0.0
8.064801931381226,0.0,[2.26990908],0.005,0.1,0.0,-5.05,0.0
8.077687501907349,0.0,[2.2705227],0.005,0.1,0.0,-5.05,0.0
8.086740255355835,0.0,[2.27113325],0.005,0.1,0.0,-5.05,0.0
8.09526252746582,0.0,[2.2717393],0.005,0.1,0.0,-5.05,0.0
8.106985807418823,0.0,[2.27233943],0.005,0.1,0.0,-5.05,0.0
8.115736484527588,0.0,[2.27293425],0.005,0.1,0.0,-5.05,0.0
8.123753309249878,0.0,[2.27352234],0.005,0.1,0.0,-5.05,0.0
8.133029699325562,0.0,[2.27410063],0.005,0.1,0.0,-5.05,0.0
8.144541501998901,0.0,[2.27466824],0.005,0.1,0.0,-5.05,0.0
8.153759717941284,0.0,[2.27522611],0.005,0.1,0.0,-5.05,0.0
8.162272691726685,0.0,[2.27577338],0.005,0.1,0.0,-5.05,0.0
8.172748327255249,0.0,[2.27630846],0.005,0.1,0.0,-5.05,0.0
8.182007312774658,0.0,[2.27683149],0.005,0.1,0.0,-5.05,0.0
8.190720796585083,0.0,[2.27734241],0.005,0.1,0.0,-5.05,0.0
8.199904441833496,0.0,[2.27783971],0.005,0.1,0.0,-5.05,0.0
8.209113359451294,0.0,[2.27832234],0.005,0.1,0.0,-5.05,0.0
8.218104362487793,0.0,[2.278791],0.005,0.1,0.0,-5.05,0.0
8.225746154785156,0.0,[2.27924574],0.005,0.1,0.0,-5.05,0.0
8.234957695007324,0.0,[2.27968536],0.005,0.1,0.0,-5.05,0.0
8.24756121635437,0.0,[2.28011073],0.005,0.1,0.0,-5.05,0.0
8.25581431388855,0.0,[2.28052386],0.005,0.1,0.0,-5.05,0.0
8.263770818710327,0.0,[2.28092417],0.005,0.1,0.0,-5.05,0.0
8.273694515228271,0.0,[2.28132578],0.005,0.1,0.0,-5.05,0.0
8.285737037658691,-0.00019539871673667023,[2.28176031],0.005,0.1,0.0,-5.05,0.0
8.293778657913208,0.0,[2.28224072],0.005,0.1,0.0,-5.05,0.0
8.302061080932617,0.0,[2.28276051],0.005,0.1,0.0,-5.05,0.0
8.312395811080933,0.0,[2.28332023],0.005,0.1,0.0,-5.05,0.0
8.321693420410156,0.0,[2.28392526],0.005,0.1,0.0,-5.05,0.0
8.329738140106201,0.0,[2.28457168],0.005,0.1,0.0,-5.05,0.0
8.339726686477661,0.0,[2.28525091],0.005,0.1,0.0,-5.05,0.0
8.351683378219604,0.0,[2.28596291],0.005,0.1,0.0,-5.05,0.0
8.35976505279541,0.0,[2.28670885],0.005,0.1,0.0,-5.05,0.0
8.369678258895874,0.0,[2.28748304],0.005,0.1,0.0,-5.05,0.0
8.378023624420166,0.0,[2.28828146],0.005,0.1,0.0,-5.05,0.0
8.388272047042847,0.0,[2.28910336],0.005,0.1,0.0,-5.05,0.0
8.396718263626099,0.0,[2.28994407],0.005,0.1,0.0,-5.05,0.0
8.40667200088501,0.0,[2.2907959],0.005,0.1,0.0,-5.05,0.0
8.417769432067871,0.0,[2.29165622],0.005,0.1,0.0,-5.05,0.0
8.425700902938843,0.0,[2.29252388],0.005,0.1,0.0,-5.05,0.0
8.437358140945435,0.0,[2.29339432],0.005,0.1,0.0,-5.05,0.0
8.447619199752808,0.0,[2.2942565],0.005,0.1,0.0,-5.05,0.0
8.456702947616577,0.0,[2.29509198],0.005,0.1,0.0,-5.05,0.0
8.464779138565063,0.0,[2.29588946],0.005,0.1,0.0,-5.05,0.0
8.474705457687378,0.0,[2.29664722],0.005,0.1,0.0,-5.05,0.0
8.484705924987793,0.0,[2.29736536],0.005,0.1,0.0,-5.05,0.0
8.492778062820435,0.0,[2.29804319],0.005,0.1,0.0,-5.05,0.0
8.502470970153809,0.0,[2.29867888],0.005,0.1,0.0,-5.05,0.0
8.513085842132568,0.0,[2.29927189],0.005,0.1,0.0,-5.05,0.0
8.521698236465454,0.0,[2.29982261],0.005,0.1,0.0,-5.05,0.0
8.529695272445679,0.0,[2.30033127],0.005,0.1,0.0,-5.05,0.0
8.540173530578613,0.0,[2.30079839],0.005,0.1,0.0,-5.05,0.0
8.549415349960327,0.0,[2.30122558],0.005,0.1,0.0,-5.05,0.0
8.557673454284668,0.0,[2.30161457],0.005,0.1,0.0,-5.05,0.0
8.568091869354248,0.0,[2.30196682],0.005,0.1,0.0,-5.05,0.0
8.577743768692017,0.0,[2.30228435],0.005,0.1,0.0,-5.05,0.0
8.585705757141113,0.0,[2.30256962],0.005,0.1,0.0,-5.05,0.0
8.59370756149292,0.0,[2.3028248],0.005,0.1,0.0,-5.05,0.0
8.603385210037231,0.0,[2.30305183],0.005,0.1,0.0,-5.05,0.0
8.615076065063477,0.0,[2.30325313],0.005,0.1,0.0,-5.05,0.0
8.62369680404663,0.0,[2.30343122],0.005,0.1,0.0,-5.05,0.0
8.63272500038147,0.0,[2.30358795],0.005,0.1,0.0,-5.05,0.0
8.644150972366333,0.0,[2.3037253],0.005,0.1,0.0,-5.05,0.0
8.656723022460938,0.0,[2.30384576],0.005,0.1,0.0,-5.05,0.0
8.665351629257202,0.0,[2.30395151],0.005,0.1,0.0,-5.05,0.0
8.676671743392944,0.0,[2.30404429],0.005,0.1,0.0,-5.05,0.0
8.68667483329773,0.0,[2.30412586],0.005,0.1,0.0,-5.05,0.0
8.695685863494873,0.0,[2.30419785],0.005,0.1,0.0,-5.05,0.0
8.70780062675476,0.0,[2.30426174],0.005,0.1,0.0,-5.05,0.0
8.716092586517334,0.0,[2.30431904],0.005,0.1,0.0,-5.05,0.0
8.724815607070923,0.0,[2.30437081],0.005,0.1,0.0,-5.05,0.0
8.733631372451782,0.0,[2.30441777],0.005,0.1,0.0,-5.05,0.0
8.744282245635986,0.0,[2.30446084],0.005,0.1,0.0,-5.05,0.0
8.75363826751709,0.0,[2.3045011],0.005,0.1,0.0,-5.05,0.0
8.76271915435791,0.0,[2.30453913],0.005,0.1,0.0,-5.05,0.0
8.771672248840332,0.0,[2.30457516],0.005,0.1,0.0,-5.05,0.0
8.783103942871094,0.0,[2.30460992],0.005,0.1,0.0,-5.05,0.0
8.792038440704346,0.0,[2.30464429],0.005,0.1,0.0,-5.05,0.0
8.803792476654053,0.0,[2.30467878],0.005,0.1,0.0,-5.05,0.0
8.813830375671387,0.0,[2.30471379],0.005,0.1,0.0,-5.05,0.0
8.82271671295166,0.0,[2.30474954],0.005,0.1,0.0,-5.05,0.0
8.831132888793945,0.0,[2.30478584],0.005,0.1,0.0,-5.05,0.0
8.84708857536316,0.00019539871673667023,[2.30482276],0.005,0.1,0.0,-5.05,0.0
8.855814456939697,0.0,[2.30486074],0.005,0.1,0.0,-5.05,0.0
8.863785028457642,0.0,[2.30489974],0.005,0.1,0.0,-5.05,0.0
8.875447511672974,0.0,[2.30493964],0.005,0.1,0.0,-5.05,0.0
8.885719776153564,0.0,[2.30498081],0.005,0.1,0.0,-5.05,0.0
8.893648624420166,0.0,[2.30502346],0.005,0.1,0.0,-5.05,0.0
8.905754089355469,0.0,[2.30506747],0.005,0.1,0.0,-5.05,0.0
8.914743185043335,0.0,[2.30511315],0.005,0.1,0.0,-5.05,0.0
8.923693656921387,0.0,[2.30516093],0.005,0.1,0.0,-5.05,0.0
8.93186092376709,0.0,[2.30521071],0.005,0.1,0.0,-5.05,0.0
8.9407057762146,0.0,[2.30526215],0.005,0.1,0.0,-5.05,0.0
8.950692176818848,0.0,[2.30531523],0.005,0.1,0.0,-5.05,0.0
8.958826780319214,0.0,[2.30536996],0.005,0.1,0.0,-5.05,0.0
8.967458248138428,0.0,[2.30542602],0.005,0.1,0.0,-5.05,0.0
8.97750210762024,0.0,[2.30548345],0.005,0.1,0.0,-5.05,0.0
8.988694667816162,0.0,[2.30554265],0.005,0.1,0.0,-5.05,0.0
8.996623754501343,0.0,[2.30560362],0.005,0.1,0.0,-5.05,0.0
9.005643129348755,0.0,[2.30566601],0.005,0.1,0.0,-5.05,0.0
9.01724624633789,0.0,[2.30573008],0.005,0.1,0.0,-5.05,0.0
9.025647163391113,0.0,[2.30579623],0.005,0.1,0.0,-5.05,0.0
9.03588318824768,0.0,[2.30586445],0.005,0.1,0.0,-5.05,0.0
9.045089483261108,0.0,[2.30593517],0.005,0.1,0.0,-5.05,0.0
9.053295135498047,0.0,[2.30600873],0.005,0.1,0.0,-5.05,0.0
9.061636447906494,0.0,[2.30608457],0.005,0.1,0.0,-5.05,0.0
9.071007251739502,0.0,[2.30616202],0.005,0.1,0.0,-5.05,0.0
9.079867839813232,0.0,[2.30624115],0.005,0.1,0.0,-5.05,0.0
9.089644193649292,0.0,[2.30632224],0.005,0.1,0.0,-5.05,0.0
9.098945379257202,0.0,[2.30640532],0.005,0.1,0.0,-5.05,0.0
9.108204364776611,0.0,[2.30649068],0.005,0.1,0.0,-5.05,0.0
9.118058919906616,0.0,[2.30657877],0.005,0.1,0.0,-5.05,0.0
9.125734806060791,0.0,[2.3066695],0.005,0.1,0.0,-5.05,0.0
9.134618520736694,0.0,[2.30676205],0.005,0.1,0.0,-5.05,0.0
9.145052909851074,0.0,[2.30685618],0.005,0.1,0.0,-5.05,0.0
9.154671907424927,0.0,[2.30695249],0.005,0.1,0.0,-5.05,0.0
9.162648916244507,0.0,[2.30705067],0.005,0.1,0.0,-5.05,0.0
9.172012567520142,0.0,[2.30714996],0.005,0.1,0.0,-5.05,0.0
9.181261777877808,0.0,[2.3072505],0.005,0.1,0.0,-5.05,0.0
9.191643714904785,0.0,[2.30735267],0.005,0.1,0.0,-5.05,0.0
9.20167326927185,0.0,[2.30745625],0.005,0.1,0.0,-5.05,0.0
9.209645509719849,0.0,[2.30756107],0.005,0.1,0.0,-5.05,0.0
9.218707084655762,0.0,[2.30766754],0.005,0.1,0.0,-5.05,0.0
9.22664737701416,0.0,[2.3077757],0.005,0.1,0.0,-5.05,0.0
9.234740734100342,0.0,[2.30788474],0.005,0.1,0.0,-5.05,0.0
9.24480414390564,0.0,[2.30799456],0.005,0.1,0.0,-5.05,0.0
9.252687454223633,0.0,[2.3081059],0.005,0.1,0.0,-5.05,0.0
9.26167345046997,0.0,[2.30821855],0.005,0.1,0.0,-5.05,0.0
9.2713782787323,0.0,[2.30833172],0.005,0.1,0.0,-5.05,0.0
9.28107738494873,0.0,[2.30844563],0.005,0.1,0.0,-5.05,0.0
9.289671182632446,0.0,[2.30856044],0.005,0.1,0.0,-5.05,0.0
9.300378322601318,0.0,[2.30867573],0.005,0.1,0.0,-5.05,0.0
9.308643579483032,0.0,[2.30879172],0.005,0.1,0.0,-5.05,0.0
9.318277597427368,0.0,[2.30890952],0.005,0.1,0.0,-5.05,0.0
9.326635837554932,0.0,[2.30902974],0.005,0.1,0.0,-5.05,0.0
9.336247205734253,0.0,[2.30915197],0.005,0.1,0.0,-5.05,0.0
9.344165086746216,0.0,[2.30927614],0.005,0.1,0.0,-5.05,0.0
9.353637933731079,0.0,[2.30940251],0.005,0.1,0.0,-5.05,0.0
9.362784147262573,0.0,[2.30953062],0.005,0.1,0.0,-5.05,0.0
9.37174391746521,0.0,[2.30966008],0.005,0.1,0.0,-5.05,0.0
9.381062746047974,0.0,[2.30979118],0.005,0.1,0.0,-5.05,0.0
9.389645099639893,0.0,[2.30992414],0.005,0.1,0.0,-5.05,0.0
9.397767305374146,0.0,[2.3100585],0.005,0.1,0.0,-5.05,0.0
9.408015251159668,0.0,[2.31019386],0.005,0.1,0.0,-5.05,0.0
9.418445825576782,0.0,[2.31033049],0.005,0.1,0.0,-5.05,0.0
9.426608800888062,0.0,[2.31046828],0.005,0.1,0.0,-5.05,0.0
9.435941219329834,0.0,[2.31060651],0.005,0.1,0.0,-5.05,0.0
9.443631649017334,0.0,[2.3107452],0.005,0.1,0.0,-5.05,0.0
9.452651977539062,0.0,[2.31088466],0.005,0.1,0.0,-5.05,0.0
9.46062684059143,0.0,[2.31102423],0.005,0.1,0.0,-5.05,0.0
9.470176219940186,0.0,[2.31116304],0.005,0.1,0.0,-5.05,0.0
9.478630542755127,0.0,[2.31130095],0.005,0.1,0.0,-5.05,0.0
9.487643957138062,0.0,[2.31143787],0.005,0.1,0.0,-5.05,0.0
9.495816707611084,0.0,[2.31157342],0.005,0.1,0.0,-5.05,0.0
9.505549192428589,0.0,[2.31170761],0.005,0.1,0.0,-5.05,0.0
9.514609813690186,0.0,[2.31184106],0.005,0.1,0.0,-5.05,0.0
9.52264952659607,0.0,[2.31197433],0.005,0.1,0.0,-5.05,0.0
9.530980348587036,0.0,[2.31210726],0.005,0.1,0.0,-5.05,0.0
9.540734052658081,0.0,[2.31223972],0.005,0.1,0.0,-5.05,0.0
9.550775051116943,0.0,[2.31237223],0.005,0.1,0.0,-5.05,0.0
9.558666467666626,0.0,[2.3125049],0.005,0.1,0.0,-5.05,0.0
